method,PSNR,SSIM,runtime_s,image_index,image_name,sigma,p,p_pct,run_mode,resize_images,image_size,k
Noisy,18.160136490011737,0.4703901255369992,0.0,1,kodim01.png,10,0.05,5,final,True,"(256, 256)",2.0
AMF,26.756218288480174,0.7896773416290284,0.17650765300004423,1,kodim01.png,10,0.05,5,final,True,"(256, 256)",2.0
NLM,18.253253142293794,0.480084613432493,0.18639991300005931,1,kodim01.png,10,0.05,5,final,True,"(256, 256)",2.0
BM3D,18.677808153559706,0.5011967116568651,3.9054425909998827,1,kodim01.png,10,0.05,5,final,True,"(256, 256)",2.0
Proposed,26.785012462982895,0.8337125844336283,4.320272025999657,1,kodim01.png,10,0.05,5,final,True,"(256, 256)",2.0
Noisy,17.589794228839768,0.19352806506246553,0.0,2,kodim02.png,10,0.05,5,final,True,"(256, 256)",2.0
AMF,29.755966528730507,0.6331288940548897,0.17591552199974103,2,kodim02.png,10,0.05,5,final,True,"(256, 256)",2.0
NLM,17.903001745216727,0.24780508875625534,0.22264207800071745,2,kodim02.png,10,0.05,5,final,True,"(256, 256)",2.0
BM3D,18.200069209761672,0.2621807182204736,5.468922518999534,2,kodim02.png,10,0.05,5,final,True,"(256, 256)",2.0
Proposed,28.891427316086794,0.6333879621409625,4.592148511000232,2,kodim02.png,10,0.05,5,final,True,"(256, 256)",2.0
Noisy,18.123246688297392,0.26438512540433406,0.0,3,kodim03.png,10,0.05,5,final,True,"(256, 256)",2.0
AMF,29.741600520679818,0.6859682832403183,0.17708224699981656,3,kodim03.png,10,0.05,5,final,True,"(256, 256)",2.0
NLM,18.396431366450816,0.3079698505058125,0.2187946509993708,3,kodim03.png,10,0.05,5,final,True,"(256, 256)",2.0
BM3D,18.84818073835346,0.32960251944463326,4.526099214000169,3,kodim03.png,10,0.05,5,final,True,"(256, 256)",2.0
Proposed,30.299357717473544,0.7561492813644893,5.637393942999552,3,kodim03.png,10,0.05,5,final,True,"(256, 256)",2.0
Noisy,17.93259924432236,0.2812729504883385,0.0,4,kodim04.png,10,0.05,5,final,True,"(256, 256)",2.0
AMF,29.35331008125963,0.7152681722297668,0.1793779870004073,4,kodim04.png,10,0.05,5,final,True,"(256, 256)",2.0
NLM,18.16379171206193,0.3123073342990211,0.2071598319998884,4,kodim04.png,10,0.05,5,final,True,"(256, 256)",2.0
BM3D,18.56623520500665,0.33242207961249515,4.128444683000453,4,kodim04.png,10,0.05,5,final,True,"(256, 256)",2.0
Proposed,29.27341844588593,0.7613066482164264,5.912280985999132,4,kodim04.png,10,0.05,5,final,True,"(256, 256)",2.0
Noisy,17.707320054792042,0.5528916295401067,0.0,5,kodim05.png,10,0.05,5,final,True,"(256, 256)",2.0
AMF,26.817931185741536,0.8546190635843277,0.17469458499999746,5,kodim05.png,10,0.05,5,final,True,"(256, 256)",2.0
NLM,17.775987678099753,0.5578856296141987,0.18570801199985,5,kodim05.png,10,0.05,5,final,True,"(256, 256)",2.0
BM3D,18.056820352448682,0.5711488389220765,3.6790437290001137,5,kodim05.png,10,0.05,5,final,True,"(256, 256)",2.0
Proposed,25.759333190539508,0.8532970294419984,4.090076566999414,5,kodim05.png,10,0.05,5,final,True,"(256, 256)",2.0
Noisy,17.82952963999914,0.33133701739024196,0.0,6,kodim06.png,10,0.05,5,final,True,"(256, 256)",2.0
AMF,28.04543583226557,0.7144019523000718,0.17493485099930695,6,kodim06.png,10,0.05,5,final,True,"(256, 256)",2.0
NLM,17.99313826167865,0.360740469289696,0.21699500999966403,6,kodim06.png,10,0.05,5,final,True,"(256, 256)",2.0
BM3D,18.336846375291213,0.3824822962356731,5.647493632999613,6,kodim06.png,10,0.05,5,final,True,"(256, 256)",2.0
Proposed,28.203009987136575,0.7718741349988878,4.5800314529997195,6,kodim06.png,10,0.05,5,final,True,"(256, 256)",2.0
Noisy,18.085985518511308,0.3792042882630637,0.0,7,kodim07.png,10,0.05,5,final,True,"(256, 256)",2.0
AMF,28.827060005122945,0.778610556945324,0.1769707670000571,7,kodim07.png,10,0.05,5,final,True,"(256, 256)",2.0
NLM,18.23860240417662,0.39304850138310565,0.20072001500011538,7,kodim07.png,10,0.05,5,final,True,"(256, 256)",2.0
BM3D,18.692570783163283,0.4128571523518823,4.327924621999955,7,kodim07.png,10,0.05,5,final,True,"(256, 256)",2.0
Proposed,28.42375225035704,0.8323664295407981,5.728550517000258,7,kodim07.png,10,0.05,5,final,True,"(256, 256)",2.0
Noisy,17.901213789182943,0.5892025078858255,0.0,8,kodim08.png,10,0.05,5,final,True,"(256, 256)",2.0
AMF,25.504840649887846,0.8409504397453069,0.176573327999904,8,kodim08.png,10,0.05,5,final,True,"(256, 256)",2.0
NLM,17.98941918810273,0.5985887668948799,0.49195932200018433,8,kodim08.png,10,0.05,5,final,True,"(256, 256)",2.0
BM3D,18.3223285997021,0.6155515162527985,4.099491627999669,8,kodim08.png,10,0.05,5,final,True,"(256, 256)",2.0
Proposed,24.185071277131396,0.8487962549720159,4.911218321999513,8,kodim08.png,10,0.05,5,final,True,"(256, 256)",2.0
Noisy,18.163751622707423,0.28008363379558104,0.0,9,kodim09.png,10,0.05,5,final,True,"(256, 256)",2.0
AMF,29.053543552958097,0.6904573933799267,0.23180059300011635,9,kodim09.png,10,0.05,5,final,True,"(256, 256)",2.0
NLM,18.400897338041904,0.3084324655690826,0.31151106099969184,9,kodim09.png,10,0.05,5,final,True,"(256, 256)",2.0
BM3D,18.879083529034197,0.3278131716355216,5.515808336000191,9,kodim09.png,10,0.05,5,final,True,"(256, 256)",2.0
Proposed,28.65890764136164,0.7714198341746629,4.610401982999974,9,kodim09.png,10,0.05,5,final,True,"(256, 256)",2.0
Noisy,18.254662152320453,0.29955603525472213,0.0,10,kodim10.png,10,0.05,5,final,True,"(256, 256)",2.0
AMF,29.058939575321546,0.7176690402402878,0.17567689699990297,10,kodim10.png,10,0.05,5,final,True,"(256, 256)",2.0
NLM,18.47222227883871,0.321255733343866,0.2145117720001508,10,kodim10.png,10,0.05,5,final,True,"(256, 256)",2.0
BM3D,18.96251137008,0.343875786393556,5.605351088999669,10,kodim10.png,10,0.05,5,final,True,"(256, 256)",2.0
Proposed,28.937574758521805,0.789543949612096,4.477736282000478,10,kodim10.png,10,0.05,5,final,True,"(256, 256)",2.0
Noisy,17.871430209705522,0.33169074694444356,0.0,11,kodim11.png,10,0.05,5,final,True,"(256, 256)",2.0
AMF,28.691944888909582,0.7317375042760372,0.1760817499998666,11,kodim11.png,10,0.05,5,final,True,"(256, 256)",2.0
NLM,18.02761805523297,0.34557055324233754,0.20715784399999393,11,kodim11.png,10,0.05,5,final,True,"(256, 256)",2.0
BM3D,18.4602629766206,0.3679344758821774,4.25546896600008,11,kodim11.png,10,0.05,5,final,True,"(256, 256)",2.0
Proposed,28.800243442321907,0.795642115861252,5.574804722000408,11,kodim11.png,10,0.05,5,final,True,"(256, 256)",2.0
Noisy,17.68542538340219,0.23704877402828786,0.0,12,kodim12.png,10,0.05,5,final,True,"(256, 256)",2.0
AMF,29.307673242678383,0.6584961677584946,0.1755296500004988,12,kodim12.png,10,0.05,5,final,True,"(256, 256)",2.0
NLM,17.96192574359385,0.2808160148958195,0.21512968099978025,12,kodim12.png,10,0.05,5,final,True,"(256, 256)",2.0
BM3D,18.296340950793084,0.2968473709519895,4.077686075999736,12,kodim12.png,10,0.05,5,final,True,"(256, 256)",2.0
Proposed,28.289116144093573,0.7073087112142146,5.65125659900059,12,kodim12.png,10,0.05,5,final,True,"(256, 256)",2.0
Noisy,17.81646469132702,0.4774676149938435,0.0,13,kodim13.png,10,0.05,5,final,True,"(256, 256)",2.0
AMF,26.367044942336165,0.8010846285135746,0.22995560500021384,13,kodim13.png,10,0.05,5,final,True,"(256, 256)",2.0
NLM,17.889117447623136,0.4797519342524231,0.292797148000318,13,kodim13.png,10,0.05,5,final,True,"(256, 256)",2.0
BM3D,18.192931034331238,0.49655727672860595,4.077312771999459,13,kodim13.png,10,0.05,5,final,True,"(256, 256)",2.0
Proposed,26.179979391552834,0.8263862228506058,4.3338782230002835,13,kodim13.png,10,0.05,5,final,True,"(256, 256)",2.0
Noisy,17.74681560179451,0.41373996012056646,0.0,14,kodim14.png,10,0.05,5,final,True,"(256, 256)",2.0
AMF,28.064973122448635,0.7968755591607094,0.1749222259995804,14,kodim14.png,10,0.05,5,final,True,"(256, 256)",2.0
NLM,17.863754555859373,0.4252341419501807,0.20063129000027402,14,kodim14.png,10,0.05,5,final,True,"(256, 256)",2.0
BM3D,18.19843806358032,0.44629626474476464,5.468495611000435,14,kodim14.png,10,0.05,5,final,True,"(256, 256)",2.0
Proposed,27.561744449601733,0.8161608322599381,4.309423007000078,14,kodim14.png,10,0.05,5,final,True,"(256, 256)",2.0
Noisy,17.251515070950802,0.3030830920259649,0.0,15,kodim15.png,10,0.05,5,final,True,"(256, 256)",2.0
AMF,29.47659095455449,0.7100762188096047,0.1847698470000978,15,kodim15.png,10,0.05,5,final,True,"(256, 256)",2.0
NLM,17.459888043924526,0.3711895637410722,0.228290900000502,15,kodim15.png,10,0.05,5,final,True,"(256, 256)",2.0
BM3D,17.727463686096883,0.39474126189959924,4.036783790999834,15,kodim15.png,10,0.05,5,final,True,"(256, 256)",2.0
Proposed,29.074661025358285,0.7699839848026186,5.907859163000467,15,kodim15.png,10,0.05,5,final,True,"(256, 256)",2.0
Noisy,17.982352711311812,0.2568326603385149,0.0,16,kodim16.png,10,0.05,5,final,True,"(256, 256)",2.0
AMF,29.381714801436118,0.6874164966535569,0.17597758699957922,16,kodim16.png,10,0.05,5,final,True,"(256, 256)",2.0
NLM,18.21026494803147,0.2780682325924634,0.2212083000003986,16,kodim16.png,10,0.05,5,final,True,"(256, 256)",2.0
BM3D,18.624847115831923,0.300252190315508,4.089890350999667,16,kodim16.png,10,0.05,5,final,True,"(256, 256)",2.0
Proposed,29.844525126007376,0.7533289864297659,4.634461274999921,16,kodim16.png,10,0.05,5,final,True,"(256, 256)",2.0
Noisy,17.572755779215193,0.3479159035015867,0.0,17,kodim17.png,10,0.05,5,final,True,"(256, 256)",2.0
AMF,29.033562515876508,0.7700379666514396,0.22539073799998732,17,kodim17.png,10,0.05,5,final,True,"(256, 256)",2.0
NLM,17.721562186888086,0.3831448358652301,0.30324093299987,17,kodim17.png,10,0.05,5,final,True,"(256, 256)",2.0
BM3D,18.05151556732752,0.40827634537858387,5.132332483000027,17,kodim17.png,10,0.05,5,final,True,"(256, 256)",2.0
Proposed,28.959922424626534,0.8110338830069266,4.388119585999448,17,kodim17.png,10,0.05,5,final,True,"(256, 256)",2.0
Noisy,17.674869672632465,0.3864601579513065,0.0,18,kodim18.png,10,0.05,5,final,True,"(256, 256)",2.0
AMF,27.83368639906253,0.7680723717684745,0.17627066299974103,18,kodim18.png,10,0.05,5,final,True,"(256, 256)",2.0
NLM,17.824978091238627,0.41069607734875146,0.2104642780004724,18,kodim18.png,10,0.05,5,final,True,"(256, 256)",2.0
BM3D,18.112030782243455,0.428982421642315,4.827801231000194,18,kodim18.png,10,0.05,5,final,True,"(256, 256)",2.0
Proposed,27.286122252623578,0.7840651774523855,4.924649573000352,18,kodim18.png,10,0.05,5,final,True,"(256, 256)",2.0
Noisy,18.061047941450756,0.330709212217982,0.0,19,kodim19.png,10,0.05,5,final,True,"(256, 256)",2.0
AMF,27.78347970906583,0.7158024398380518,0.17326486500041938,19,kodim19.png,10,0.05,5,final,True,"(256, 256)",2.0
NLM,18.27103898292109,0.348114158496054,0.20256029099982698,19,kodim19.png,10,0.05,5,final,True,"(256, 256)",2.0
BM3D,18.71288021457105,0.372102473584602,4.183328885000265,19,kodim19.png,10,0.05,5,final,True,"(256, 256)",2.0
Proposed,27.374705828129898,0.7742929058500826,5.959602552999968,19,kodim19.png,10,0.05,5,final,True,"(256, 256)",2.0
Noisy,16.762764351632285,0.31094297828784306,0.0,20,kodim20.png,10,0.05,5,final,True,"(256, 256)",2.0
AMF,29.759089639881186,0.7586631261585951,0.16713139900002716,20,kodim20.png,10,0.05,5,final,True,"(256, 256)",2.0
NLM,16.87594945539174,0.37121725511897913,0.2245978560004005,20,kodim20.png,10,0.05,5,final,True,"(256, 256)",2.0
BM3D,17.084500565173975,0.38818243857586743,4.136246892999225,20,kodim20.png,10,0.05,5,final,True,"(256, 256)",2.0
Proposed,29.60235315293015,0.8523553525984436,4.576183621999917,20,kodim20.png,10,0.05,5,final,True,"(256, 256)",2.0
Noisy,18.146266220402115,0.34512464674721743,0.0,21,kodim21.png,10,0.05,5,final,True,"(256, 256)",2.0
AMF,28.096459852700093,0.7201311344413758,0.17562790000010864,21,kodim21.png,10,0.05,5,final,True,"(256, 256)",2.0
NLM,18.350454185209045,0.3654025501657567,0.2137278440004593,21,kodim21.png,10,0.05,5,final,True,"(256, 256)",2.0
BM3D,18.809193455697525,0.3847330080350837,5.873948234999261,21,kodim21.png,10,0.05,5,final,True,"(256, 256)",2.0
Proposed,27.961962770101575,0.7965115713583379,4.616000070000155,21,kodim21.png,10,0.05,5,final,True,"(256, 256)",2.0
Noisy,18.14829428212848,0.3019004119977973,0.0,22,kodim22.png,10,0.05,5,final,True,"(256, 256)",2.0
AMF,28.745994830609817,0.7182827078700066,0.17782991399963066,22,kodim22.png,10,0.05,5,final,True,"(256, 256)",2.0
NLM,18.342464006648832,0.3167480259387443,0.2003587540002627,22,kodim22.png,10,0.05,5,final,True,"(256, 256)",2.0
BM3D,18.792233190015278,0.34147563391805974,4.590769603000808,22,kodim22.png,10,0.05,5,final,True,"(256, 256)",2.0
Proposed,28.605181301954428,0.7679191761410255,5.4009780679998585,22,kodim22.png,10,0.05,5,final,True,"(256, 256)",2.0
Noisy,17.834275351296025,0.26211847949426015,0.0,23,kodim23.png,10,0.05,5,final,True,"(256, 256)",2.0
AMF,29.478820622617164,0.709453771135807,0.18735118099993997,23,kodim23.png,10,0.05,5,final,True,"(256, 256)",2.0
NLM,18.075344941766993,0.296147145628758,0.20585849399958533,23,kodim23.png,10,0.05,5,final,True,"(256, 256)",2.0
BM3D,18.476052611165404,0.3164572711757762,3.9788613209993855,23,kodim23.png,10,0.05,5,final,True,"(256, 256)",2.0
Proposed,29.55551889053517,0.7665059187188744,5.683707615000458,23,kodim23.png,10,0.05,5,final,True,"(256, 256)",2.0
Noisy,17.99933021368706,0.4108416881576054,0.0,24,kodim24.png,10,0.05,5,final,True,"(256, 256)",2.0
AMF,27.864805503418268,0.7910849904301167,0.22462271899985353,24,kodim24.png,10,0.05,5,final,True,"(256, 256)",2.0
NLM,18.115562266493722,0.4234652424653026,0.24205016799987789,24,kodim24.png,10,0.05,5,final,True,"(256, 256)",2.0
BM3D,18.50284918762192,0.44535420582424323,3.9311331689996223,24,kodim24.png,10,0.05,5,final,True,"(256, 256)",2.0
Proposed,28.111210179770584,0.8256964458743333,4.319090777999918,24,kodim24.png,10,0.05,5,final,True,"(256, 256)",2.0
Noisy,15.491938841908617,0.32270442728714743,0.0,1,kodim01.png,10,0.1,10,final,True,"(256, 256)",2.0
AMF,26.5444235839067,0.7855005646498203,0.17423227899962512,1,kodim01.png,10,0.1,10,final,True,"(256, 256)",2.0
NLM,15.50382908270555,0.32400391059298694,0.1752515719999792,1,kodim01.png,10,0.1,10,final,True,"(256, 256)",2.0
BM3D,15.713832735776734,0.3316446426265938,5.656687250000687,1,kodim01.png,10,0.1,10,final,True,"(256, 256)",2.0
Proposed,23.801937283456674,0.743276830925975,4.365915815000335,1,kodim01.png,10,0.1,10,final,True,"(256, 256)",2.0
Noisy,14.905356010157949,0.10164748490199965,0.0,2,kodim02.png,10,0.1,10,final,True,"(256, 256)",2.0
AMF,29.302835220194773,0.611966511092782,0.1803801719997864,2,kodim02.png,10,0.1,10,final,True,"(256, 256)",2.0
NLM,14.960008033247252,0.10656902062760766,0.19118135499957134,2,kodim02.png,10,0.1,10,final,True,"(256, 256)",2.0
BM3D,15.134362517963691,0.10890088500974435,4.093452341000557,2,kodim02.png,10,0.1,10,final,True,"(256, 256)",2.0
Proposed,25.252729812709397,0.4665040489051691,6.457647862999693,2,kodim02.png,10,0.1,10,final,True,"(256, 256)",2.0
Noisy,15.249896270132231,0.15724061472178485,0.0,3,kodim03.png,10,0.1,10,final,True,"(256, 256)",2.0
AMF,29.28850028090227,0.6676688788778782,0.17931261800003995,3,kodim03.png,10,0.1,10,final,True,"(256, 256)",2.0
NLM,15.286149835191159,0.1613065415226732,0.1869444129997646,3,kodim03.png,10,0.1,10,final,True,"(256, 256)",2.0
BM3D,15.491461617806902,0.1659339372680696,4.090440760999627,3,kodim03.png,10,0.1,10,final,True,"(256, 256)",2.0
Proposed,25.749207318847958,0.6243008939319886,5.258309806000398,3,kodim03.png,10,0.1,10,final,True,"(256, 256)",2.0
Noisy,15.240357609197414,0.16651636357170657,0.0,4,kodim04.png,10,0.1,10,final,True,"(256, 256)",2.0
AMF,29.027148457419962,0.7042274869661331,0.23616971699993883,4,kodim04.png,10,0.1,10,final,True,"(256, 256)",2.0
NLM,15.273587281134365,0.1696213635443268,0.2792153070004133,4,kodim04.png,10,0.1,10,final,True,"(256, 256)",2.0
BM3D,15.476656534766802,0.17548920997690726,4.759187120000206,4,kodim04.png,10,0.1,10,final,True,"(256, 256)",2.0
Proposed,25.220123361582466,0.6473751543862175,4.583660809000321,4,kodim04.png,10,0.1,10,final,True,"(256, 256)",2.0
Noisy,14.958128612082653,0.3983202181828765,0.0,5,kodim05.png,10,0.1,10,final,True,"(256, 256)",2.0
AMF,26.40865671233715,0.8480426746397018,0.18164503000025434,5,kodim05.png,10,0.1,10,final,True,"(256, 256)",2.0
NLM,14.967871210358258,0.3986186267471996,0.17621645700000954,5,kodim05.png,10,0.1,10,final,True,"(256, 256)",2.0
BM3D,15.126203359423851,0.4042879491839684,4.93777528100054,5,kodim05.png,10,0.1,10,final,True,"(256, 256)",2.0
Proposed,22.857873909356567,0.7723507714591511,4.643348363999394,5,kodim05.png,10,0.1,10,final,True,"(256, 256)",2.0
Noisy,14.930202829336693,0.1986802142680221,0.0,6,kodim06.png,10,0.1,10,final,True,"(256, 256)",2.0
AMF,27.66483832891212,0.7041841702773571,0.17719938600021123,6,kodim06.png,10,0.1,10,final,True,"(256, 256)",2.0
NLM,14.952490026150524,0.20146288261683187,0.1987334519999422,6,kodim06.png,10,0.1,10,final,True,"(256, 256)",2.0
BM3D,15.132181742777743,0.2066347786920498,4.006233363999854,6,kodim06.png,10,0.1,10,final,True,"(256, 256)",2.0
Proposed,24.51633730566726,0.6670980152177909,6.293492049000633,6,kodim06.png,10,0.1,10,final,True,"(256, 256)",2.0
Noisy,15.407262560762568,0.2537691737798333,0.0,7,kodim07.png,10,0.1,10,final,True,"(256, 256)",2.0
AMF,28.354488926788868,0.7665034545228482,0.1796084649995464,7,kodim07.png,10,0.1,10,final,True,"(256, 256)",2.0
NLM,15.42009475829266,0.2546165332042635,0.19046287899982417,7,kodim07.png,10,0.1,10,final,True,"(256, 256)",2.0
BM3D,15.63578472619172,0.26120936489395175,3.918496999999661,7,kodim07.png,10,0.1,10,final,True,"(256, 256)",2.0
Proposed,24.61783203133221,0.7459685939567229,4.429195078999328,7,kodim07.png,10,0.1,10,final,True,"(256, 256)",2.0
Noisy,14.980700760637335,0.4460097867898493,0.0,8,kodim08.png,10,0.1,10,final,True,"(256, 256)",2.0
AMF,24.96445304643869,0.8329531979784965,0.18433636000008846,8,kodim08.png,10,0.1,10,final,True,"(256, 256)",2.0
NLM,14.992280930647649,0.4474380381776246,0.17567573900032585,8,kodim08.png,10,0.1,10,final,True,"(256, 256)",2.0
BM3D,15.161810053563718,0.45443679746545795,5.200721550999333,8,kodim08.png,10,0.1,10,final,True,"(256, 256)",2.0
Proposed,21.74362254163858,0.7803556151976967,4.137513147999925,8,kodim08.png,10,0.1,10,final,True,"(256, 256)",2.0
Noisy,15.381666549654845,0.18330441969289835,0.0,9,kodim09.png,10,0.1,10,final,True,"(256, 256)",2.0
AMF,28.523325087726754,0.6737400941143036,0.18728248000024905,9,kodim09.png,10,0.1,10,final,True,"(256, 256)",2.0
NLM,15.40505590929401,0.18528683539036117,0.1760696100000132,9,kodim09.png,10,0.1,10,final,True,"(256, 256)",2.0
BM3D,15.624767725830644,0.19027786542153685,4.062040277999586,9,kodim09.png,10,0.1,10,final,True,"(256, 256)",2.0
Proposed,24.500164863492223,0.6638785026962754,6.159409215999403,9,kodim09.png,10,0.1,10,final,True,"(256, 256)",2.0
Noisy,15.298974631010791,0.1793066566158129,0.0,10,kodim10.png,10,0.1,10,final,True,"(256, 256)",2.0
AMF,28.67519399266156,0.7033672662329674,0.1775699710005938,10,kodim10.png,10,0.1,10,final,True,"(256, 256)",2.0
NLM,15.315991576041718,0.18014980307959663,0.18961218100048427,10,kodim10.png,10,0.1,10,final,True,"(256, 256)",2.0
BM3D,15.528725307786688,0.1853538308569566,3.9790302729998075,10,kodim10.png,10,0.1,10,final,True,"(256, 256)",2.0
Proposed,25.01186823873549,0.6766964406191958,4.640590711999721,10,kodim10.png,10,0.1,10,final,True,"(256, 256)",2.0
Noisy,15.108058463006696,0.21266989742060063,0.0,11,kodim11.png,10,0.1,10,final,True,"(256, 256)",2.0
AMF,28.16997701492811,0.7160024495394229,0.22649348900085897,11,kodim11.png,10,0.1,10,final,True,"(256, 256)",2.0
NLM,15.125987953676344,0.21458583624884542,0.2701112649992865,11,kodim11.png,10,0.1,10,final,True,"(256, 256)",2.0
BM3D,15.331541856868382,0.2211388325151373,5.100384487000156,11,kodim11.png,10,0.1,10,final,True,"(256, 256)",2.0
Proposed,25.16682739297179,0.7270235535415144,4.414905906000058,11,kodim11.png,10,0.1,10,final,True,"(256, 256)",2.0
Noisy,14.990672545283852,0.1411846752069421,0.0,12,kodim12.png,10,0.1,10,final,True,"(256, 256)",2.0
AMF,28.82216820608982,0.6429777805325985,0.1797762709993549,12,kodim12.png,10,0.1,10,final,True,"(256, 256)",2.0
NLM,15.03892423602613,0.14565945614665407,0.19157104099940625,12,kodim12.png,10,0.1,10,final,True,"(256, 256)",2.0
BM3D,15.220014555704076,0.14912460271273756,4.518775240999275,12,kodim12.png,10,0.1,10,final,True,"(256, 256)",2.0
Proposed,24.521263527831366,0.5551771781432976,5.62534394100021,12,kodim12.png,10,0.1,10,final,True,"(256, 256)",2.0
Noisy,15.226562396830507,0.3288252483200673,0.0,13,kodim13.png,10,0.1,10,final,True,"(256, 256)",2.0
AMF,26.128530160166,0.7980901438126564,0.17550920899975608,13,kodim13.png,10,0.1,10,final,True,"(256, 256)",2.0
NLM,15.235199072919299,0.3288939874895044,0.18039458000021114,13,kodim13.png,10,0.1,10,final,True,"(256, 256)",2.0
BM3D,15.414207535842031,0.33488707079939356,3.8969488989996535,13,kodim13.png,10,0.1,10,final,True,"(256, 256)",2.0
Proposed,23.019623087933816,0.7214989454163071,5.781936219999807,13,kodim13.png,10,0.1,10,final,True,"(256, 256)",2.0
Noisy,15.00536747953774,0.27417685484118187,0.0,14,kodim14.png,10,0.1,10,final,True,"(256, 256)",2.0
AMF,27.725192641953754,0.785540571141243,0.23177831600060017,14,kodim14.png,10,0.1,10,final,True,"(256, 256)",2.0
NLM,15.024817251905848,0.2757605648430751,0.215421922999667,14,kodim14.png,10,0.1,10,final,True,"(256, 256)",2.0
BM3D,15.202915238860166,0.2825521632816877,3.8655750790003367,14,kodim14.png,10,0.1,10,final,True,"(256, 256)",2.0
Proposed,24.362130664469717,0.720324237227168,4.33413181800006,14,kodim14.png,10,0.1,10,final,True,"(256, 256)",2.0
Noisy,14.248516202213956,0.17986202315398186,0.0,15,kodim15.png,10,0.1,10,final,True,"(256, 256)",2.0
AMF,28.752393969051173,0.6927174037463665,0.1856948549993831,15,kodim15.png,10,0.1,10,final,True,"(256, 256)",2.0
NLM,14.295021046506571,0.19034940530616273,0.18703844499941624,15,kodim15.png,10,0.1,10,final,True,"(256, 256)",2.0
BM3D,14.440143063573554,0.19512517198697865,5.371713962000285,15,kodim15.png,10,0.1,10,final,True,"(256, 256)",2.0
Proposed,26.607428101810893,0.7193969396137818,4.427691040000354,15,kodim15.png,10,0.1,10,final,True,"(256, 256)",2.0
Noisy,15.325398422426437,0.14955268715848127,0.0,16,kodim16.png,10,0.1,10,final,True,"(256, 256)",2.0
AMF,29.074318076848115,0.6737397392473221,0.17659631600054126,16,kodim16.png,10,0.1,10,final,True,"(256, 256)",2.0
NLM,15.35505294437732,0.15084597380598644,0.18656225099948642,16,kodim16.png,10,0.1,10,final,True,"(256, 256)",2.0
BM3D,15.566616561263178,0.15674246221835383,4.061392968999826,16,kodim16.png,10,0.1,10,final,True,"(256, 256)",2.0
Proposed,25.89505708141764,0.6450825369732752,6.082435837000048,16,kodim16.png,10,0.1,10,final,True,"(256, 256)",2.0
Noisy,14.714472889898818,0.2178688204755751,0.0,17,kodim17.png,10,0.1,10,final,True,"(256, 256)",2.0
AMF,28.629573924676986,0.7557516468667984,0.177203821999683,17,kodim17.png,10,0.1,10,final,True,"(256, 256)",2.0
NLM,14.743432994920326,0.22353148176154097,0.18025998000030086,17,kodim17.png,10,0.1,10,final,True,"(256, 256)",2.0
BM3D,14.915555392886757,0.23094605027396703,3.87485969699992,17,kodim17.png,10,0.1,10,final,True,"(256, 256)",2.0
Proposed,25.840043459276465,0.7411450723990267,4.461137530000087,17,kodim17.png,10,0.1,10,final,True,"(256, 256)",2.0
Noisy,14.725170925133222,0.23087367305764994,0.0,18,kodim18.png,10,0.1,10,final,True,"(256, 256)",2.0
AMF,27.52328823369644,0.7565561893162728,0.23190833999979077,18,kodim18.png,10,0.1,10,final,True,"(256, 256)",2.0
NLM,14.748400029779125,0.23265430004312598,0.2753091160002441,18,kodim18.png,10,0.1,10,final,True,"(256, 256)",2.0
BM3D,14.909784996400756,0.23735006938235398,5.070057239999187,18,kodim18.png,10,0.1,10,final,True,"(256, 256)",2.0
Proposed,24.549845943304362,0.6825197117045944,4.4017797260003135,18,kodim18.png,10,0.1,10,final,True,"(256, 256)",2.0
Noisy,15.369265912361845,0.22140210950125103,0.0,19,kodim19.png,10,0.1,10,final,True,"(256, 256)",2.0
AMF,27.307521992462483,0.7017722343035936,0.17702925200046593,19,kodim19.png,10,0.1,10,final,True,"(256, 256)",2.0
NLM,15.394737552846019,0.22285679217244173,0.19377235000047222,19,kodim19.png,10,0.1,10,final,True,"(256, 256)",2.0
BM3D,15.608432768612426,0.2290688720877159,4.520275243000469,19,kodim19.png,10,0.1,10,final,True,"(256, 256)",2.0
Proposed,24.180258540912376,0.6610267355576258,5.547809282999879,19,kodim19.png,10,0.1,10,final,True,"(256, 256)",2.0
Noisy,13.747728559182022,0.17581529205454813,0.0,20,kodim20.png,10,0.1,10,final,True,"(256, 256)",2.0
AMF,29.392538971256275,0.7501481431968212,0.17013948200019513,20,kodim20.png,10,0.1,10,final,True,"(256, 256)",2.0
NLM,13.770484962456312,0.18852998011252559,0.1885111859992321,20,kodim20.png,10,0.1,10,final,True,"(256, 256)",2.0
BM3D,13.904200661387502,0.19445660482087232,3.8728058870001405,20,kodim20.png,10,0.1,10,final,True,"(256, 256)",2.0
Proposed,26.784915022471026,0.817987732311517,5.819253456000297,20,kodim20.png,10,0.1,10,final,True,"(256, 256)",2.0
Noisy,15.409304220923254,0.23246939129766586,0.0,21,kodim21.png,10,0.1,10,final,True,"(256, 256)",2.0
AMF,27.633204761587955,0.7020840661692619,0.2451634950002699,21,kodim21.png,10,0.1,10,final,True,"(256, 256)",2.0
NLM,15.429298230931836,0.23363214614172995,0.2773583479993249,21,kodim21.png,10,0.1,10,final,True,"(256, 256)",2.0
BM3D,15.646011370309392,0.23911338729555145,4.028757009999936,21,kodim21.png,10,0.1,10,final,True,"(256, 256)",2.0
Proposed,24.438892814863536,0.7208223489357801,4.663990785999886,21,kodim21.png,10,0.1,10,final,True,"(256, 256)",2.0
Noisy,15.293612692754674,0.1710184208131738,0.0,22,kodim22.png,10,0.1,10,final,True,"(256, 256)",2.0
AMF,28.42129473105651,0.7056934236553758,0.17843125000035798,22,kodim22.png,10,0.1,10,final,True,"(256, 256)",2.0
NLM,15.311996279939386,0.17160769147514415,0.1788586339998801,22,kodim22.png,10,0.1,10,final,True,"(256, 256)",2.0
BM3D,15.521396267109102,0.1771130487074172,5.583623569000338,22,kodim22.png,10,0.1,10,final,True,"(256, 256)",2.0
Proposed,24.96781782888197,0.6448708352321713,4.506038819999958,22,kodim22.png,10,0.1,10,final,True,"(256, 256)",2.0
Noisy,15.189641882785176,0.15806517897455347,0.0,23,kodim23.png,10,0.1,10,final,True,"(256, 256)",2.0
AMF,29.06960679747563,0.6937453000664711,0.17783218700060388,23,kodim23.png,10,0.1,10,final,True,"(256, 256)",2.0
NLM,15.226686931317946,0.16219536251975986,0.18189351900036854,23,kodim23.png,10,0.1,10,final,True,"(256, 256)",2.0
BM3D,15.425751912275011,0.16643582124611972,3.857899992000057,23,kodim23.png,10,0.1,10,final,True,"(256, 256)",2.0
Proposed,25.355435882874424,0.6272800357478261,5.937144471000465,23,kodim23.png,10,0.1,10,final,True,"(256, 256)",2.0
Noisy,15.139948016016234,0.26305164283214183,0.0,24,kodim24.png,10,0.1,10,final,True,"(256, 256)",2.0
AMF,27.425862463775175,0.781237631774187,0.1779664590003449,24,kodim24.png,10,0.1,10,final,True,"(256, 256)",2.0
NLM,15.154085109464049,0.26455060018755067,0.18935021000015695,24,kodim24.png,10,0.1,10,final,True,"(256, 256)",2.0
BM3D,15.342261328788823,0.27078154301233776,3.8675900050002383,24,kodim24.png,10,0.1,10,final,True,"(256, 256)",2.0
Proposed,24.39148530407417,0.7189860918379742,4.375039208000089,24,kodim24.png,10,0.1,10,final,True,"(256, 256)",2.0
Noisy,12.505704197208402,0.18493660965136,0.0,1,kodim01.png,10,0.2,20,final,True,"(256, 256)",2.0
AMF,25.529323148618282,0.7578062645526826,0.24881838599958428,1,kodim01.png,10,0.2,20,final,True,"(256, 256)",2.0
NLM,12.50580871520121,0.1849368205905151,0.2678128919997107,1,kodim01.png,10,0.2,20,final,True,"(256, 256)",2.0
BM3D,12.60385066971761,0.18715915999820132,4.757487087999834,1,kodim01.png,10,0.2,20,final,True,"(256, 256)",2.0
Proposed,17.111342423794266,0.42921821220021694,3.975488776999555,1,kodim01.png,10,0.2,20,final,True,"(256, 256)",2.0
Noisy,12.154057731004578,0.05080679065391984,0.0,2,kodim02.png,10,0.2,20,final,True,"(256, 256)",2.0
AMF,28.79320420641594,0.5917869179012776,0.17704003600010765,2,kodim02.png,10,0.2,20,final,True,"(256, 256)",2.0
NLM,12.154384423627778,0.05081343997929057,0.17243492300076468,2,kodim02.png,10,0.2,20,final,True,"(256, 256)",2.0
BM3D,12.25244233057715,0.05161725544142378,3.6351813189994573,2,kodim02.png,10,0.2,20,final,True,"(256, 256)",2.0
Proposed,20.561135180843813,0.25276225452607887,6.352122041999792,2,kodim02.png,10,0.2,20,final,True,"(256, 256)",2.0
Noisy,12.373675591328805,0.0852470826942799,0.0,3,kodim03.png,10,0.2,20,final,True,"(256, 256)",2.0
AMF,28.608171228845897,0.6437803090136052,0.177719426999829,3,kodim03.png,10,0.2,20,final,True,"(256, 256)",2.0
NLM,12.374246525676064,0.08526689905923696,0.17423228600000584,3,kodim03.png,10,0.2,20,final,True,"(256, 256)",2.0
BM3D,12.475751418926084,0.08657858632092855,3.605764908999845,3,kodim03.png,10,0.2,20,final,True,"(256, 256)",2.0
Proposed,18.56077854581047,0.3113348637761153,4.456558654999753,3,kodim03.png,10,0.2,20,final,True,"(256, 256)",2.0
Noisy,12.29204641439431,0.08946855058821673,0.0,4,kodim04.png,10,0.2,20,final,True,"(256, 256)",2.0
AMF,28.15757348424267,0.6789987425196171,0.23091211799965095,4,kodim04.png,10,0.2,20,final,True,"(256, 256)",2.0
NLM,12.292499550092908,0.08946780281700899,0.2679571050002778,4,kodim04.png,10,0.2,20,final,True,"(256, 256)",2.0
BM3D,12.392441522256732,0.09089201783616535,4.8026681459996325,4,kodim04.png,10,0.2,20,final,True,"(256, 256)",2.0
Proposed,18.87185025220363,0.349274285000186,4.395109994999984,4,kodim04.png,10,0.2,20,final,True,"(256, 256)",2.0
Noisy,11.964511854229345,0.24133832077479156,0.0,5,kodim05.png,10,0.2,20,final,True,"(256, 256)",2.0
AMF,25.271203606996977,0.8243248431316614,0.18774225099969044,5,kodim05.png,10,0.2,20,final,True,"(256, 256)",2.0
NLM,11.964677202359834,0.2413472323556952,0.1732523599994238,5,kodim05.png,10,0.2,20,final,True,"(256, 256)",2.0
BM3D,12.04875116800679,0.24341928257366804,3.4378522259994497,5,kodim05.png,10,0.2,20,final,True,"(256, 256)",2.0
Proposed,18.26679970977256,0.5834966332359542,5.4277587449996645,5,kodim05.png,10,0.2,20,final,True,"(256, 256)",2.0
Noisy,12.093397158007583,0.11079676570468708,0.0,6,kodim06.png,10,0.2,20,final,True,"(256, 256)",2.0
AMF,26.996596850820573,0.6816852369585037,0.17641073300001153,6,kodim06.png,10,0.2,20,final,True,"(256, 256)",2.0
NLM,12.09424048994947,0.11090443017711284,0.17312478500025463,6,kodim06.png,10,0.2,20,final,True,"(256, 256)",2.0
BM3D,12.18584368751914,0.11211762769668238,3.5628083450001213,6,kodim06.png,10,0.2,20,final,True,"(256, 256)",2.0
Proposed,18.67165382777089,0.4179559201812628,4.333176275999904,6,kodim06.png,10,0.2,20,final,True,"(256, 256)",2.0
Noisy,12.512043181906193,0.14432320765514503,0.0,7,kodim07.png,10,0.2,20,final,True,"(256, 256)",2.0
AMF,27.417937016253035,0.7419197152032853,0.22483323800042854,7,kodim07.png,10,0.2,20,final,True,"(256, 256)",2.0
NLM,12.5121529599169,0.14433898748052504,0.26493101100004424,7,kodim07.png,10,0.2,20,final,True,"(256, 256)",2.0
BM3D,12.61330515058692,0.1462589250900103,4.83175459999984,7,kodim07.png,10,0.2,20,final,True,"(256, 256)",2.0
Proposed,17.516111257059624,0.40613971056281706,4.123596042000827,7,kodim07.png,10,0.2,20,final,True,"(256, 256)",2.0
Noisy,12.047249169668383,0.29354843364968186,0.0,8,kodim08.png,10,0.2,20,final,True,"(256, 256)",2.0
AMF,23.735358981689558,0.8054706406335831,0.18054010800005926,8,kodim08.png,10,0.2,20,final,True,"(256, 256)",2.0
NLM,12.047399961533586,0.2935517731184547,0.17316581700015377,8,kodim08.png,10,0.2,20,final,True,"(256, 256)",2.0
BM3D,12.131883709579176,0.29613761683859957,3.379126812999857,8,kodim08.png,10,0.2,20,final,True,"(256, 256)",2.0
Proposed,16.74223624216936,0.5574367932235457,5.39534222400016,8,kodim08.png,10,0.2,20,final,True,"(256, 256)",2.0
Noisy,12.520927993587375,0.10699216965213307,0.0,9,kodim09.png,10,0.2,20,final,True,"(256, 256)",2.0
AMF,27.50350151618413,0.6444791430282593,0.17694377600037114,9,kodim09.png,10,0.2,20,final,True,"(256, 256)",2.0
NLM,12.521017096290546,0.10699223265459482,0.18430871599957754,9,kodim09.png,10,0.2,20,final,True,"(256, 256)",2.0
BM3D,12.624430627440775,0.10840551041601677,3.580382309000015,9,kodim09.png,10,0.2,20,final,True,"(256, 256)",2.0
Proposed,17.401709231765828,0.2941719849223234,4.299481645999549,9,kodim09.png,10,0.2,20,final,True,"(256, 256)",2.0
Noisy,12.452576377442172,0.10002534173542026,0.0,10,kodim10.png,10,0.2,20,final,True,"(256, 256)",2.0
AMF,27.66965133238609,0.6761160305013657,0.17902175199924386,10,kodim10.png,10,0.2,20,final,True,"(256, 256)",2.0
NLM,12.452697257076471,0.10002723354002865,0.17274892899968108,10,kodim10.png,10,0.2,20,final,True,"(256, 256)",2.0
BM3D,12.554597098128653,0.10140866031169876,5.194289249000576,10,kodim10.png,10,0.2,20,final,True,"(256, 256)",2.0
Proposed,17.454590179457664,0.3151405270735114,4.215350937000039,10,kodim10.png,10,0.2,20,final,True,"(256, 256)",2.0
Noisy,12.300255834081092,0.12294760253321846,0.0,11,kodim11.png,10,0.2,20,final,True,"(256, 256)",2.0
AMF,27.398564270571228,0.6976449696693421,0.1780955560006987,11,kodim11.png,10,0.2,20,final,True,"(256, 256)",2.0
NLM,12.30107682762343,0.12299717979117292,0.17572376000043732,11,kodim11.png,10,0.2,20,final,True,"(256, 256)",2.0
BM3D,12.398558556196335,0.1244998937056984,3.5497801999999865,11,kodim11.png,10,0.2,20,final,True,"(256, 256)",2.0
Proposed,18.15572241512045,0.4317169228382643,5.715665992999675,11,kodim11.png,10,0.2,20,final,True,"(256, 256)",2.0
Noisy,12.168727075273807,0.07759788590575274,0.0,12,kodim12.png,10,0.2,20,final,True,"(256, 256)",2.0
AMF,28.099661865854564,0.6202274365415275,0.17942762399979983,12,kodim12.png,10,0.2,20,final,True,"(256, 256)",2.0
NLM,12.169449968761148,0.07762531039837764,0.17783129700001155,12,kodim12.png,10,0.2,20,final,True,"(256, 256)",2.0
BM3D,12.266402863953413,0.07873390410243912,3.6130392769991886,12,kodim12.png,10,0.2,20,final,True,"(256, 256)",2.0
Proposed,19.320018894261757,0.3102666231528755,4.4603134569997565,12,kodim12.png,10,0.2,20,final,True,"(256, 256)",2.0
Noisy,12.300595868864391,0.19057592599775153,0.0,13,kodim13.png,10,0.2,20,final,True,"(256, 256)",2.0
AMF,25.392636545566788,0.7798721118876935,0.20176098899992212,13,kodim13.png,10,0.2,20,final,True,"(256, 256)",2.0
NLM,12.300687278232141,0.19056322211015952,0.2692774319993987,13,kodim13.png,10,0.2,20,final,True,"(256, 256)",2.0
BM3D,12.39238905035769,0.19242093630017176,4.96734899600051,13,kodim13.png,10,0.2,20,final,True,"(256, 256)",2.0
Proposed,17.46808474367856,0.46310783230098174,4.302312443999654,13,kodim13.png,10,0.2,20,final,True,"(256, 256)",2.0
Noisy,12.133357427877428,0.15180445174970808,0.0,14,kodim14.png,10,0.2,20,final,True,"(256, 256)",2.0
AMF,26.969466736866345,0.7670787610492706,0.17917180099993857,14,kodim14.png,10,0.2,20,final,True,"(256, 256)",2.0
NLM,12.13410718227524,0.15185353258575743,0.17396646500037605,14,kodim14.png,10,0.2,20,final,True,"(256, 256)",2.0
BM3D,12.225091317713272,0.15354990517464778,3.617688256999827,14,kodim14.png,10,0.2,20,final,True,"(256, 256)",2.0
Proposed,18.622540846305473,0.4785024157725553,5.6606472639996355,14,kodim14.png,10,0.2,20,final,True,"(256, 256)",2.0
Noisy,11.378229185097247,0.10237098223660238,0.0,15,kodim15.png,10,0.2,20,final,True,"(256, 256)",2.0
AMF,27.826949870086686,0.671161472200632,0.17808019899985084,15,kodim15.png,10,0.2,20,final,True,"(256, 256)",2.0
NLM,11.380514203833565,0.10255537352045659,0.1774353250002605,15,kodim15.png,10,0.2,20,final,True,"(256, 256)",2.0
BM3D,11.4601266510254,0.103722691155906,3.5278002229997583,15,kodim15.png,10,0.2,20,final,True,"(256, 256)",2.0
Proposed,22.016802400741703,0.5790492530256766,4.395184212999993,15,kodim15.png,10,0.2,20,final,True,"(256, 256)",2.0
Noisy,12.404548773650088,0.07181911571822892,0.0,16,kodim16.png,10,0.2,20,final,True,"(256, 256)",2.0
AMF,28.419404280433497,0.6494213327519893,0.2257632110004124,16,kodim16.png,10,0.2,20,final,True,"(256, 256)",2.0
NLM,12.405195614596781,0.07184454990746791,0.26689521499974944,16,kodim16.png,10,0.2,20,final,True,"(256, 256)",2.0
BM3D,12.507688553681506,0.07295814505491832,4.961922803999187,16,kodim16.png,10,0.2,20,final,True,"(256, 256)",2.0
Proposed,18.70209457280091,0.3180601494983187,4.310269564000009,16,kodim16.png,10,0.2,20,final,True,"(256, 256)",2.0
Noisy,11.80791137651436,0.11360527588686566,0.0,17,kodim17.png,10,0.2,20,final,True,"(256, 256)",2.0
AMF,27.885187077400765,0.7369769807038307,0.18067082700054016,17,kodim17.png,10,0.2,20,final,True,"(256, 256)",2.0
NLM,11.809356195069755,0.11375801448742878,0.17200385100022686,17,kodim17.png,10,0.2,20,final,True,"(256, 256)",2.0
BM3D,11.896033413021383,0.1151561521806601,3.568555108999135,17,kodim17.png,10,0.2,20,final,True,"(256, 256)",2.0
Proposed,19.650822280152987,0.5267470232106636,5.84154489499997,17,kodim17.png,10,0.2,20,final,True,"(256, 256)",2.0
Noisy,11.970235610556596,0.12913478162171382,0.0,18,kodim18.png,10,0.2,20,final,True,"(256, 256)",2.0
AMF,26.692897928945214,0.7346004666273593,0.17686725599924102,18,kodim18.png,10,0.2,20,final,True,"(256, 256)",2.0
NLM,11.970997592842581,0.12910924123944725,0.17180561600071087,18,kodim18.png,10,0.2,20,final,True,"(256, 256)",2.0
BM3D,12.060021351001406,0.1305448181574364,3.5356640509999124,18,kodim18.png,10,0.2,20,final,True,"(256, 256)",2.0
Proposed,19.691242703133724,0.4729680559757106,4.722877129999688,18,kodim18.png,10,0.2,20,final,True,"(256, 256)",2.0
Noisy,12.389681155596223,0.12628744186761962,0.0,19,kodim19.png,10,0.2,20,final,True,"(256, 256)",2.0
AMF,26.384461662681446,0.676617572983265,0.2280025290001504,19,kodim19.png,10,0.2,20,final,True,"(256, 256)",2.0
NLM,12.389928076818288,0.12628672620986228,0.26884631699977035,19,kodim19.png,10,0.2,20,final,True,"(256, 256)",2.0
BM3D,12.490917614541088,0.12782736053080831,4.360010957999293,19,kodim19.png,10,0.2,20,final,True,"(256, 256)",2.0
Proposed,17.86149903365296,0.34362825555998255,4.324631267000768,19,kodim19.png,10,0.2,20,final,True,"(256, 256)",2.0
Noisy,10.922544437171005,0.09546840190053409,0.0,20,kodim20.png,10,0.2,20,final,True,"(256, 256)",2.0
AMF,28.519328213851608,0.7276735088561103,0.17043476199978613,20,kodim20.png,10,0.2,20,final,True,"(256, 256)",2.0
NLM,10.92434337571782,0.09579988172013702,0.17826855600014824,20,kodim20.png,10,0.2,20,final,True,"(256, 256)",2.0
BM3D,10.99545989144865,0.09662457791153761,3.9696360020006978,20,kodim20.png,10,0.2,20,final,True,"(256, 256)",2.0
Proposed,21.758124040199995,0.7140655453547367,5.875544524000361,20,kodim20.png,10,0.2,20,final,True,"(256, 256)",2.0
Noisy,12.527310790803787,0.13698306750558817,0.0,21,kodim21.png,10,0.2,20,final,True,"(256, 256)",2.0
AMF,26.932986389358607,0.6821911337339283,0.1797509819998595,21,kodim21.png,10,0.2,20,final,True,"(256, 256)",2.0
NLM,12.527496598719036,0.1369741580917478,0.19282711199957703,21,kodim21.png,10,0.2,20,final,True,"(256, 256)",2.0
BM3D,12.629181256896647,0.13856536360686017,3.639615611999943,21,kodim21.png,10,0.2,20,final,True,"(256, 256)",2.0
Proposed,17.701983758045284,0.38308486157008237,5.549954591999267,21,kodim21.png,10,0.2,20,final,True,"(256, 256)",2.0
Noisy,12.504651282034725,0.09378041394888194,0.0,22,kodim22.png,10,0.2,20,final,True,"(256, 256)",2.0
AMF,27.902462855501593,0.6805144226908684,0.23953521699968405,22,kodim22.png,10,0.2,20,final,True,"(256, 256)",2.0
NLM,12.50486348861941,0.09378731878112004,0.274098849999973,22,kodim22.png,10,0.2,20,final,True,"(256, 256)",2.0
BM3D,12.608907220760184,0.09515340829072667,3.649196328000471,22,kodim22.png,10,0.2,20,final,True,"(256, 256)",2.0
Proposed,18.204259745275966,0.3097674896792889,4.202365869999994,22,kodim22.png,10,0.2,20,final,True,"(256, 256)",2.0
Noisy,12.26638127803372,0.0840986208102129,0.0,23,kodim23.png,10,0.2,20,final,True,"(256, 256)",2.0
AMF,28.23206467190062,0.6661728759388924,0.17969538800025475,23,kodim23.png,10,0.2,20,final,True,"(256, 256)",2.0
NLM,12.266703890485118,0.08410977450943678,0.1832612500002142,23,kodim23.png,10,0.2,20,final,True,"(256, 256)",2.0
BM3D,12.366639756995117,0.08542021957360478,4.821186547000252,23,kodim23.png,10,0.2,20,final,True,"(256, 256)",2.0
Proposed,18.752423884418295,0.3187199293730818,4.660952797000391,23,kodim23.png,10,0.2,20,final,True,"(256, 256)",2.0
Noisy,12.22096079875153,0.14770199129446357,0.0,24,kodim24.png,10,0.2,20,final,True,"(256, 256)",2.0
AMF,26.670950091832268,0.7587549252410531,0.18546911600060412,24,kodim24.png,10,0.2,20,final,True,"(256, 256)",2.0
NLM,12.22130582220337,0.14770624425496204,0.17400645799989434,24,kodim24.png,10,0.2,20,final,True,"(256, 256)",2.0
BM3D,12.314715696385745,0.1494820261578054,3.5281551969992506,24,kodim24.png,10,0.2,20,final,True,"(256, 256)",2.0
Proposed,18.128858925642625,0.4360158206121641,5.195076191000226,24,kodim24.png,10,0.2,20,final,True,"(256, 256)",2.0
Noisy,16.394663524650483,0.3586076923944212,0.0,1,kodim01.png,25,0.05,5,final,True,"(256, 256)",2.0
AMF,21.69714653196397,0.5468125368555039,0.2298761080000986,1,kodim01.png,25,0.05,5,final,True,"(256, 256)",2.0
NLM,21.976536524407088,0.5365091784097435,0.5391474999996717,1,kodim01.png,25,0.05,5,final,True,"(256, 256)",2.0
BM3D,22.0309169289485,0.5835821217825902,4.3899073559996395,1,kodim01.png,25,0.05,5,final,True,"(256, 256)",2.0
Proposed,22.633726991765766,0.6041442159554511,4.498080149999623,1,kodim01.png,25,0.05,5,final,True,"(256, 256)",2.0
Noisy,16.217338670155016,0.12044776315476065,0.0,2,kodim02.png,25,0.05,5,final,True,"(256, 256)",2.0
AMF,22.705074361831375,0.2772211155429832,0.17772480200073915,2,kodim02.png,25,0.05,5,final,True,"(256, 256)",2.0
NLM,24.411606196950455,0.4982688189068252,0.3873383760001161,2,kodim02.png,25,0.05,5,final,True,"(256, 256)",2.0
BM3D,21.97387720893949,0.36188435350303527,6.244871173999854,2,kodim02.png,25,0.05,5,final,True,"(256, 256)",2.0
Proposed,23.799165874588013,0.32288389306821486,4.706201641000007,2,kodim02.png,25,0.05,5,final,True,"(256, 256)",2.0
Noisy,16.406784114424273,0.1770441400088203,0.0,3,kodim03.png,25,0.05,5,final,True,"(256, 256)",2.0
AMF,22.51938666899971,0.3488257992772814,0.18619079699965368,3,kodim03.png,25,0.05,5,final,True,"(256, 256)",2.0
NLM,24.508861494727277,0.591210211649214,0.39254578500003845,3,kodim03.png,25,0.05,5,final,True,"(256, 256)",2.0
BM3D,23.297888488748928,0.4847058706482156,5.906681454000136,3,kodim03.png,25,0.05,5,final,True,"(256, 256)",2.0
Proposed,23.742519994658423,0.4022490108514875,4.86675141700016,3,kodim03.png,25,0.05,5,final,True,"(256, 256)",2.0
Noisy,16.264265780415656,0.19123708202197187,0.0,4,kodim04.png,25,0.05,5,final,True,"(256, 256)",2.0
AMF,22.54071994794327,0.38491746285447664,0.17687566800032073,4,kodim04.png,25,0.05,5,final,True,"(256, 256)",2.0
NLM,23.66122717143961,0.5471104110397408,0.38462429999981396,4,kodim04.png,25,0.05,5,final,True,"(256, 256)",2.0
BM3D,22.37053901740857,0.4604938917775423,4.602814412000043,4,kodim04.png,25,0.05,5,final,True,"(256, 256)",2.0
Proposed,23.65344340281752,0.4394081694070818,6.21196318300008,4,kodim04.png,25,0.05,5,final,True,"(256, 256)",2.0
Noisy,16.100780534508484,0.445885764941973,0.0,5,kodim05.png,25,0.05,5,final,True,"(256, 256)",2.0
AMF,21.680430016523392,0.6490386372747217,0.18079359300008946,5,kodim05.png,25,0.05,5,final,True,"(256, 256)",2.0
NLM,19.645803435972685,0.5726245967165897,0.31583510099972045,5,kodim05.png,25,0.05,5,final,True,"(256, 256)",2.0
BM3D,19.91547298394051,0.6006722226660345,4.102821763000065,5,kodim05.png,25,0.05,5,final,True,"(256, 256)",2.0
Proposed,22.118816402755215,0.6815234643059047,4.855753325000478,5,kodim05.png,25,0.05,5,final,True,"(256, 256)",2.0
Noisy,16.217544444534195,0.23034973810047948,0.0,6,kodim06.png,25,0.05,5,final,True,"(256, 256)",2.0
AMF,22.297983464627194,0.412646317266554,0.22989963500003796,6,kodim06.png,25,0.05,5,final,True,"(256, 256)",2.0
NLM,22.312725248090178,0.49676637153470743,0.5862887040002533,6,kodim06.png,25,0.05,5,final,True,"(256, 256)",2.0
BM3D,21.284090695034767,0.45300550479370555,5.28760383900044,6,kodim06.png,25,0.05,5,final,True,"(256, 256)",2.0
Proposed,23.37244803072145,0.4792628457278991,4.700770858999931,6,kodim06.png,25,0.05,5,final,True,"(256, 256)",2.0
Noisy,16.549877636622238,0.29314998705489587,0.0,7,kodim07.png,25,0.05,5,final,True,"(256, 256)",2.0
AMF,22.25715902500761,0.49345744693238275,0.1759831640001721,7,kodim07.png,25,0.05,5,final,True,"(256, 256)",2.0
NLM,23.183234723131662,0.6244119462786777,0.3553396500001327,7,kodim07.png,25,0.05,5,final,True,"(256, 256)",2.0
BM3D,23.085581924062588,0.6084372257923563,6.0154833229998985,7,kodim07.png,25,0.05,5,final,True,"(256, 256)",2.0
Proposed,23.260868321880622,0.5482646230179816,4.566384303999257,7,kodim07.png,25,0.05,5,final,True,"(256, 256)",2.0
Noisy,16.247825940546715,0.49496748061358053,0.0,8,kodim08.png,25,0.05,5,final,True,"(256, 256)",2.0
AMF,21.10698804267542,0.6535667485621705,0.179135774000315,8,kodim08.png,25,0.05,5,final,True,"(256, 256)",2.0
NLM,19.726448408188077,0.6533215061827143,0.29686243499963894,8,kodim08.png,25,0.05,5,final,True,"(256, 256)",2.0
BM3D,20.383906844734113,0.6722915320978277,4.155263871999523,8,kodim08.png,25,0.05,5,final,True,"(256, 256)",2.0
Proposed,21.523523187272215,0.6969926235906239,5.786683861999336,8,kodim08.png,25,0.05,5,final,True,"(256, 256)",2.0
Noisy,16.408582116933722,0.2039415327819945,0.0,9,kodim09.png,25,0.05,5,final,True,"(256, 256)",2.0
AMF,22.340451911963697,0.3684509167604347,0.17921825399935187,9,kodim09.png,25,0.05,5,final,True,"(256, 256)",2.0
NLM,23.964242942302878,0.5997617138580137,0.38555609800005186,9,kodim09.png,25,0.05,5,final,True,"(256, 256)",2.0
BM3D,23.389722542944355,0.5156114944537666,4.66392775300028,9,kodim09.png,25,0.05,5,final,True,"(256, 256)",2.0
Proposed,23.425425047854077,0.4230610773660615,6.4647336589996485,9,kodim09.png,25,0.05,5,final,True,"(256, 256)",2.0
Noisy,16.543197838721547,0.21503448232542755,0.0,10,kodim10.png,25,0.05,5,final,True,"(256, 256)",2.0
AMF,22.41735339855227,0.39525465619449784,0.17838574500001414,10,kodim10.png,25,0.05,5,final,True,"(256, 256)",2.0
NLM,24.38647669277148,0.5836712930099142,0.37355122699955245,10,kodim10.png,25,0.05,5,final,True,"(256, 256)",2.0
BM3D,23.757338182170326,0.5269112131547449,4.708191903000625,10,kodim10.png,25,0.05,5,final,True,"(256, 256)",2.0
Proposed,23.501506937686322,0.4501948816315979,4.797017374000461,10,kodim10.png,25,0.05,5,final,True,"(256, 256)",2.0
Noisy,16.329610183687056,0.24426780566481812,0.0,11,kodim11.png,25,0.05,5,final,True,"(256, 256)",2.0
AMF,22.41076189296537,0.4293657641483075,0.24238467699979083,11,kodim11.png,25,0.05,5,final,True,"(256, 256)",2.0
NLM,22.477780659623505,0.5475588263914299,0.5675886970002466,11,kodim11.png,25,0.05,5,final,True,"(256, 256)",2.0
BM3D,22.15489375175867,0.5218881664383991,5.385180346999732,11,kodim11.png,25,0.05,5,final,True,"(256, 256)",2.0
Proposed,23.63156632426728,0.49138757340350936,4.507539245999396,11,kodim11.png,25,0.05,5,final,True,"(256, 256)",2.0
Noisy,16.22693315235926,0.16018686788264552,0.0,12,kodim12.png,25,0.05,5,final,True,"(256, 256)",2.0
AMF,22.624489870602936,0.3251458370885267,0.17908278899994912,12,kodim12.png,25,0.05,5,final,True,"(256, 256)",2.0
NLM,23.437962454958612,0.5362139412126411,0.3827802160003557,12,kodim12.png,25,0.05,5,final,True,"(256, 256)",2.0
BM3D,21.887784893232087,0.4049233353990503,5.999257516999933,12,kodim12.png,25,0.05,5,final,True,"(256, 256)",2.0
Proposed,23.501061134065097,0.3703850529546738,4.534507516999838,12,kodim12.png,25,0.05,5,final,True,"(256, 256)",2.0
Noisy,16.364772895055804,0.3725349720629939,0.0,13,kodim13.png,25,0.05,5,final,True,"(256, 256)",2.0
AMF,21.612111176560692,0.5600357094142548,0.1753195040000719,13,kodim13.png,25,0.05,5,final,True,"(256, 256)",2.0
NLM,20.959840109985812,0.5137948862923176,0.3367701309998665,13,kodim13.png,25,0.05,5,final,True,"(256, 256)",2.0
BM3D,20.88138015576313,0.5407933961663433,4.398306604000027,13,kodim13.png,25,0.05,5,final,True,"(256, 256)",2.0
Proposed,22.280399686485907,0.6018512360708732,5.8693324830001075,13,kodim13.png,25,0.05,5,final,True,"(256, 256)",2.0
Noisy,16.215116389943198,0.3098530563240402,0.0,14,kodim14.png,25,0.05,5,final,True,"(256, 256)",2.0
AMF,22.185785932215985,0.5196353061126319,0.17596226999921782,14,kodim14.png,25,0.05,5,final,True,"(256, 256)",2.0
NLM,21.537979749339712,0.5236631741690604,0.34911158199975034,14,kodim14.png,25,0.05,5,final,True,"(256, 256)",2.0
BM3D,21.035897203999447,0.5167992513065549,4.35765908599933,14,kodim14.png,25,0.05,5,final,True,"(256, 256)",2.0
Proposed,22.867998773003954,0.5602669419343136,5.697077437000189,14,kodim14.png,25,0.05,5,final,True,"(256, 256)",2.0
Noisy,15.844631760093861,0.20118642787744873,0.0,15,kodim15.png,25,0.05,5,final,True,"(256, 256)",2.0
AMF,23.002403056725676,0.3996759221872407,0.22969057800037262,15,kodim15.png,25,0.05,5,final,True,"(256, 256)",2.0
NLM,21.33594640024897,0.505999067870856,0.3785542969999369,15,kodim15.png,25,0.05,5,final,True,"(256, 256)",2.0
BM3D,19.879191932844947,0.4149331848256573,4.436798990999705,15,kodim15.png,25,0.05,5,final,True,"(256, 256)",2.0
Proposed,24.28279383991825,0.4805122474883166,4.452769757999704,15,kodim15.png,25,0.05,5,final,True,"(256, 256)",2.0
Noisy,16.294437661651028,0.16245705123021376,0.0,16,kodim16.png,25,0.05,5,final,True,"(256, 256)",2.0
AMF,22.51948309388361,0.34068710391713414,0.17668778200004454,16,kodim16.png,25,0.05,5,final,True,"(256, 256)",2.0
NLM,24.269965217598674,0.5141476357452266,0.38358972599962726,16,kodim16.png,25,0.05,5,final,True,"(256, 256)",2.0
BM3D,22.72005176641249,0.43700314948482877,6.010855237000214,16,kodim16.png,25,0.05,5,final,True,"(256, 256)",2.0
Proposed,23.71870849405215,0.39501924144952444,4.5522628119997535,16,kodim16.png,25,0.05,5,final,True,"(256, 256)",2.0
Noisy,16.142595422888956,0.24704337379782892,0.0,17,kodim17.png,25,0.05,5,final,True,"(256, 256)",2.0
AMF,22.70706789012666,0.46982502821288447,0.18351192099999025,17,kodim17.png,25,0.05,5,final,True,"(256, 256)",2.0
NLM,21.868431457419092,0.5220952408191981,0.3582511930007968,17,kodim17.png,25,0.05,5,final,True,"(256, 256)",2.0
BM3D,20.744961451099364,0.4835303139438095,5.472810584000399,17,kodim17.png,25,0.05,5,final,True,"(256, 256)",2.0
Proposed,23.791490808177088,0.5315675902312829,4.79084458699981,17,kodim17.png,25,0.05,5,final,True,"(256, 256)",2.0
Noisy,15.969396653190389,0.26930745974164566,0.0,18,kodim18.png,25,0.05,5,final,True,"(256, 256)",2.0
AMF,22.198146066020797,0.4783979430864477,0.1766318379995937,18,kodim18.png,25,0.05,5,final,True,"(256, 256)",2.0
NLM,20.943401100615354,0.4592924133627642,0.34674397199978557,18,kodim18.png,25,0.05,5,final,True,"(256, 256)",2.0
BM3D,20.371141883427356,0.4446370816426998,4.361083724000309,18,kodim18.png,25,0.05,5,final,True,"(256, 256)",2.0
Proposed,22.972206268663147,0.5191795661758631,5.9134445419995245,18,kodim18.png,25,0.05,5,final,True,"(256, 256)",2.0
Noisy,16.211315852008678,0.23780794943848121,0.0,19,kodim19.png,25,0.05,5,final,True,"(256, 256)",2.0
AMF,22.030449391069105,0.4046106575274533,0.17561014700004307,19,kodim19.png,25,0.05,5,final,True,"(256, 256)",2.0
NLM,22.8503583660228,0.5609923921915431,0.36088575099984155,19,kodim19.png,25,0.05,5,final,True,"(256, 256)",2.0
BM3D,22.223351542698847,0.49416944986938055,4.571804240000347,19,kodim19.png,25,0.05,5,final,True,"(256, 256)",2.0
Proposed,22.9902088217071,0.4634950754099395,5.327099701999941,19,kodim19.png,25,0.05,5,final,True,"(256, 256)",2.0
Noisy,15.850851549229168,0.20914507709508517,0.0,20,kodim20.png,25,0.05,5,final,True,"(256, 256)",2.0
AMF,23.439588654942966,0.43929457642107406,0.2213254609996511,20,kodim20.png,25,0.05,5,final,True,"(256, 256)",2.0
NLM,21.176585746318302,0.5435488921152053,0.5562966500001494,20,kodim20.png,25,0.05,5,final,True,"(256, 256)",2.0
BM3D,18.974471816872057,0.42883788845149534,4.675379414999952,20,kodim20.png,25,0.05,5,final,True,"(256, 256)",2.0
Proposed,24.743188793435813,0.5770570684642643,4.554551597000682,20,kodim20.png,25,0.05,5,final,True,"(256, 256)",2.0
Noisy,16.402503096509278,0.25698304775348085,0.0,21,kodim21.png,25,0.05,5,final,True,"(256, 256)",2.0
AMF,22.10382607443219,0.42748029419627415,0.17532741200011515,21,kodim21.png,25,0.05,5,final,True,"(256, 256)",2.0
NLM,22.666700325013313,0.5943770234523487,0.3682711100000233,21,kodim21.png,25,0.05,5,final,True,"(256, 256)",2.0
BM3D,22.620214059942143,0.550449011747007,6.026700289000473,21,kodim21.png,25,0.05,5,final,True,"(256, 256)",2.0
Proposed,23.028417941363138,0.47266025853190946,4.693304221999824,21,kodim21.png,25,0.05,5,final,True,"(256, 256)",2.0
Noisy,16.43453367464752,0.199916093248335,0.0,22,kodim22.png,25,0.05,5,final,True,"(256, 256)",2.0
AMF,22.3732573958413,0.3897858979929036,0.1833442239994838,22,kodim22.png,25,0.05,5,final,True,"(256, 256)",2.0
NLM,24.08051731134026,0.525512937438244,0.3813254520000555,22,kodim22.png,25,0.05,5,final,True,"(256, 256)",2.0
BM3D,23.310003742773652,0.4817706896439198,5.721902028999466,22,kodim22.png,25,0.05,5,final,True,"(256, 256)",2.0
Proposed,23.394645433288343,0.43851511178682373,4.758789495999736,22,kodim22.png,25,0.05,5,final,True,"(256, 256)",2.0
Noisy,16.281437571151077,0.18208926238386894,0.0,23,kodim23.png,25,0.05,5,final,True,"(256, 256)",2.0
AMF,22.577486317879462,0.3703936635108061,0.17976472200007265,23,kodim23.png,25,0.05,5,final,True,"(256, 256)",2.0
NLM,23.91237071999143,0.5798022877364903,0.3819279250001273,23,kodim23.png,25,0.05,5,final,True,"(256, 256)",2.0
BM3D,22.829718556628453,0.483651977265981,4.448590146999777,23,kodim23.png,25,0.05,5,final,True,"(256, 256)",2.0
Proposed,23.58123517267571,0.418698310727004,5.839559399999416,23,kodim23.png,25,0.05,5,final,True,"(256, 256)",2.0
Noisy,16.271728530687955,0.29968987192549656,0.0,24,kodim24.png,25,0.05,5,final,True,"(256, 256)",2.0
AMF,22.063585244585976,0.5074918500397663,0.18359303299985186,24,kodim24.png,25,0.05,5,final,True,"(256, 256)",2.0
NLM,21.79290814968697,0.5382097614952663,0.3571454069997344,24,kodim24.png,25,0.05,5,final,True,"(256, 256)",2.0
BM3D,21.38577184441004,0.5296168721746314,4.330138004000219,24,kodim24.png,25,0.05,5,final,True,"(256, 256)",2.0
Proposed,22.977814338863617,0.5613005605024723,5.139186046999384,24,kodim24.png,25,0.05,5,final,True,"(256, 256)",2.0
Noisy,14.322789539787987,0.2625661998784886,0.0,1,kodim01.png,25,0.1,10,final,True,"(256, 256)",2.0
AMF,21.342080626809445,0.5341619579711976,0.2493304489998991,1,kodim01.png,25,0.1,10,final,True,"(256, 256)",2.0
NLM,16.67955518280284,0.3412874068997206,0.3799006899998858,1,kodim01.png,25,0.1,10,final,True,"(256, 256)",2.0
BM3D,16.830014603388253,0.3516751758136761,4.500318071999573,1,kodim01.png,25,0.1,10,final,True,"(256, 256)",2.0
Proposed,20.865884681649327,0.5477122806783291,4.426787817999866,1,kodim01.png,25,0.1,10,final,True,"(256, 256)",2.0
Noisy,14.196100900091311,0.0790554338669608,0.0,2,kodim02.png,25,0.1,10,final,True,"(256, 256)",2.0
AMF,22.184435035318852,0.25573155898130606,0.1773591929995746,2,kodim02.png,25,0.1,10,final,True,"(256, 256)",2.0
NLM,17.88553419189808,0.19293071245214263,0.30955325800005085,2,kodim02.png,25,0.1,10,final,True,"(256, 256)",2.0
BM3D,17.42358973088643,0.14922595620417511,5.848892775999957,2,kodim02.png,25,0.1,10,final,True,"(256, 256)",2.0
Proposed,22.910882064377542,0.29092327607479285,4.670780178000314,2,kodim02.png,25,0.1,10,final,True,"(256, 256)",2.0
Noisy,14.246550237405721,0.126921043950502,0.0,3,kodim03.png,25,0.1,10,final,True,"(256, 256)",2.0
AMF,22.118407806480825,0.33597674190106647,0.18474668799990468,3,kodim03.png,25,0.1,10,final,True,"(256, 256)",2.0
NLM,17.540283128258157,0.2486963501817725,0.29036377700049343,3,kodim03.png,25,0.1,10,final,True,"(256, 256)",2.0
BM3D,17.46009896495101,0.21459779745567475,4.273556713999824,3,kodim03.png,25,0.1,10,final,True,"(256, 256)",2.0
Proposed,22.48022576141406,0.37392905711898905,6.123426678999749,3,kodim03.png,25,0.1,10,final,True,"(256, 256)",2.0
Noisy,14.318843653911252,0.13401034485575639,0.0,4,kodim04.png,25,0.1,10,final,True,"(256, 256)",2.0
AMF,22.096081859050983,0.36413757019326465,0.17720933600048738,4,kodim04.png,25,0.1,10,final,True,"(256, 256)",2.0
NLM,17.642094806961147,0.2643083176016207,0.29040449600051943,4,kodim04.png,25,0.1,10,final,True,"(256, 256)",2.0
BM3D,17.506617322648985,0.22585640750443337,4.291080538000642,4,kodim04.png,25,0.1,10,final,True,"(256, 256)",2.0
Proposed,22.376371296668115,0.4020949869993681,6.041687954000736,4,kodim04.png,25,0.1,10,final,True,"(256, 256)",2.0
Noisy,14.059356089318474,0.33915636560906887,0.0,5,kodim05.png,25,0.1,10,final,True,"(256, 256)",2.0
AMF,21.345015720910446,0.6343087907751818,0.1781352819998574,5,kodim05.png,25,0.1,10,final,True,"(256, 256)",2.0
NLM,15.630566196871582,0.39461974463293464,0.24274123400027747,5,kodim05.png,25,0.1,10,final,True,"(256, 256)",2.0
BM3D,16.02312286107676,0.41196533299912197,3.8617336979996253,5,kodim05.png,25,0.1,10,final,True,"(256, 256)",2.0
Proposed,20.83149116500791,0.6405953118635416,4.2046707030003745,5,kodim05.png,25,0.1,10,final,True,"(256, 256)",2.0
Noisy,14.035862331104347,0.16005523554742118,0.0,6,kodim06.png,25,0.1,10,final,True,"(256, 256)",2.0
AMF,21.860698526732143,0.39367243803641994,0.17545412600065902,6,kodim06.png,25,0.1,10,final,True,"(256, 256)",2.0
NLM,16.82437115699903,0.25704697596217263,0.2837929710003664,6,kodim06.png,25,0.1,10,final,True,"(256, 256)",2.0
BM3D,16.725191240621264,0.23662707796292126,5.768275622999681,6,kodim06.png,25,0.1,10,final,True,"(256, 256)",2.0
Proposed,21.946928408510722,0.43916798952470243,4.6255289800001265,6,kodim06.png,25,0.1,10,final,True,"(256, 256)",2.0
Noisy,14.506140331161603,0.2114381071968506,0.0,7,kodim07.png,25,0.1,10,final,True,"(256, 256)",2.0
AMF,21.89485669791706,0.4767262969221905,0.17659454299973731,7,kodim07.png,25,0.1,10,final,True,"(256, 256)",2.0
NLM,17.654361009461525,0.33977945970625095,0.28312182700028643,7,kodim07.png,25,0.1,10,final,True,"(256, 256)",2.0
BM3D,17.62129803333796,0.3177885376439409,4.774653899999976,7,kodim07.png,25,0.1,10,final,True,"(256, 256)",2.0
Proposed,21.64987164263012,0.4982965572207901,5.19050577500002,7,kodim07.png,25,0.1,10,final,True,"(256, 256)",2.0
Noisy,14.105796466974539,0.38981241155313473,0.0,8,kodim08.png,25,0.1,10,final,True,"(256, 256)",2.0
AMF,20.792236499735147,0.6404499123559967,0.17681538700071542,8,kodim08.png,25,0.1,10,final,True,"(256, 256)",2.0
NLM,15.527904414323173,0.4519831132544604,0.22925848599970777,8,kodim08.png,25,0.1,10,final,True,"(256, 256)",2.0
BM3D,16.137765207318733,0.47100219682431255,3.908764883999538,8,kodim08.png,25,0.1,10,final,True,"(256, 256)",2.0
Proposed,19.83666821630185,0.6476263571822718,5.596077947000595,8,kodim08.png,25,0.1,10,final,True,"(256, 256)",2.0
Noisy,14.465036000854985,0.15216882438285398,0.0,9,kodim09.png,25,0.1,10,final,True,"(256, 256)",2.0
AMF,21.947419662611964,0.3548593908998063,0.2301860650004528,9,kodim09.png,25,0.1,10,final,True,"(256, 256)",2.0
NLM,18.065261275255274,0.2854943234007194,0.3071390049999536,9,kodim09.png,25,0.1,10,final,True,"(256, 256)",2.0
BM3D,17.881173814747036,0.24319853838125766,4.33578529999977,9,kodim09.png,25,0.1,10,final,True,"(256, 256)",2.0
Proposed,21.772970616056647,0.3821042173560458,4.696560924000551,9,kodim09.png,25,0.1,10,final,True,"(256, 256)",2.0
Noisy,14.454621945677628,0.15087989097427035,0.0,10,kodim10.png,25,0.1,10,final,True,"(256, 256)",2.0
AMF,21.971875167464574,0.37753017235978076,0.18277807400045276,10,kodim10.png,25,0.1,10,final,True,"(256, 256)",2.0
NLM,18.144295050224915,0.2768959931458026,0.2963163109998277,10,kodim10.png,25,0.1,10,final,True,"(256, 256)",2.0
BM3D,17.725350234127344,0.23822366639352968,5.915198151999903,10,kodim10.png,25,0.1,10,final,True,"(256, 256)",2.0
Proposed,21.86156074792993,0.40456282027207946,4.589799039999889,10,kodim10.png,25,0.1,10,final,True,"(256, 256)",2.0
Noisy,14.215571426446589,0.17746942325570964,0.0,11,kodim11.png,25,0.1,10,final,True,"(256, 256)",2.0
AMF,22.011287906689304,0.41572919011371395,0.17606693699963216,11,kodim11.png,25,0.1,10,final,True,"(256, 256)",2.0
NLM,17.075557217406818,0.27555250718630514,0.28283342699978675,11,kodim11.png,25,0.1,10,final,True,"(256, 256)",2.0
BM3D,17.004939254671886,0.254815414935397,5.271771560999696,11,kodim11.png,25,0.1,10,final,True,"(256, 256)",2.0
Proposed,22.2144112193321,0.4619757505594145,4.811068768999576,11,kodim11.png,25,0.1,10,final,True,"(256, 256)",2.0
Noisy,14.202697392326959,0.11419921377191806,0.0,12,kodim12.png,25,0.1,10,final,True,"(256, 256)",2.0
AMF,22.190464672107545,0.31046608941038045,0.17663670999991155,12,kodim12.png,25,0.1,10,final,True,"(256, 256)",2.0
NLM,17.523855999685786,0.23896787061101155,0.2948246569994808,12,kodim12.png,25,0.1,10,final,True,"(256, 256)",2.0
BM3D,17.364744610339045,0.19449979832295178,4.282767151999906,12,kodim12.png,25,0.1,10,final,True,"(256, 256)",2.0
Proposed,22.3389857318139,0.3435132459103692,6.042420871000104,12,kodim12.png,25,0.1,10,final,True,"(256, 256)",2.0
Noisy,14.323801981432428,0.2789517700958234,0.0,13,kodim13.png,25,0.1,10,final,True,"(256, 256)",2.0
AMF,21.28040038873489,0.546315534171325,0.1766551470000195,13,kodim13.png,25,0.1,10,final,True,"(256, 256)",2.0
NLM,16.462603810641866,0.3478137485524949,0.25591230699956213,13,kodim13.png,25,0.1,10,final,True,"(256, 256)",2.0
BM3D,16.70728800385705,0.3570215833691529,4.204419272999985,13,kodim13.png,25,0.1,10,final,True,"(256, 256)",2.0
Proposed,20.776728716614965,0.5514603528252919,4.636519865000082,13,kodim13.png,25,0.1,10,final,True,"(256, 256)",2.0
Noisy,14.198095345661013,0.2247461604585097,0.0,14,kodim14.png,25,0.1,10,final,True,"(256, 256)",2.0
AMF,21.800503252473167,0.5038188751083166,0.22901189499953034,14,kodim14.png,25,0.1,10,final,True,"(256, 256)",2.0
NLM,16.63098422614318,0.3124103302454771,0.39091948500026774,14,kodim14.png,25,0.1,10,final,True,"(256, 256)",2.0
BM3D,16.672957765118397,0.3098906148919008,5.018108686999767,14,kodim14.png,25,0.1,10,final,True,"(256, 256)",2.0
Proposed,21.653538180712033,0.5248073913046895,4.419310416999906,14,kodim14.png,25,0.1,10,final,True,"(256, 256)",2.0
Noisy,13.61882966256358,0.14517988513517371,0.0,15,kodim15.png,25,0.1,10,final,True,"(256, 256)",2.0
AMF,22.61190019663936,0.3854149071620221,0.17673099300009198,15,kodim15.png,25,0.1,10,final,True,"(256, 256)",2.0
NLM,15.844259260292501,0.24841205493995758,0.27672170200003166,15,kodim15.png,25,0.1,10,final,True,"(256, 256)",2.0
BM3D,16.046981058810438,0.22654146906858125,5.458394937999401,15,kodim15.png,25,0.1,10,final,True,"(256, 256)",2.0
Proposed,23.675571738178274,0.4798828015318941,4.627554794999924,15,kodim15.png,25,0.1,10,final,True,"(256, 256)",2.0
Noisy,14.324175518563688,0.11047630956644496,0.0,16,kodim16.png,25,0.1,10,final,True,"(256, 256)",2.0
AMF,22.153237127451845,0.3283798929295139,0.17726698600017698,16,kodim16.png,25,0.1,10,final,True,"(256, 256)",2.0
NLM,17.995741035450006,0.23106429332947245,0.30907881500024814,16,kodim16.png,25,0.1,10,final,True,"(256, 256)",2.0
BM3D,17.69203054820024,0.1924214249521853,4.425340708000476,16,kodim16.png,25,0.1,10,final,True,"(256, 256)",2.0
Proposed,22.490675115815492,0.3606013639326678,5.989520576000359,16,kodim16.png,25,0.1,10,final,True,"(256, 256)",2.0
Noisy,13.99110075155993,0.17483916135299224,0.0,17,kodim17.png,25,0.1,10,final,True,"(256, 256)",2.0
AMF,22.291678076302087,0.4518972531476263,0.18322764900040056,17,kodim17.png,25,0.1,10,final,True,"(256, 256)",2.0
NLM,16.522305983048334,0.2754598849940188,0.2701129389997732,17,kodim17.png,25,0.1,10,final,True,"(256, 256)",2.0
BM3D,16.560232761591337,0.26741498046549533,4.054283806000058,17,kodim17.png,25,0.1,10,final,True,"(256, 256)",2.0
Proposed,22.564180461638102,0.5098662061695168,4.95823961699989,17,kodim17.png,25,0.1,10,final,True,"(256, 256)",2.0
Noisy,13.986419448528249,0.19410068307482073,0.0,18,kodim18.png,25,0.1,10,final,True,"(256, 256)",2.0
AMF,21.853134903706266,0.4630843291657159,0.2288744150000639,18,kodim18.png,25,0.1,10,final,True,"(256, 256)",2.0
NLM,16.25170170582342,0.2613181364559356,0.4039465420000852,18,kodim18.png,25,0.1,10,final,True,"(256, 256)",2.0
BM3D,16.36218845610637,0.26495181586405464,4.535269875999802,18,kodim18.png,25,0.1,10,final,True,"(256, 256)",2.0
Proposed,22.012362532998942,0.48800178163193586,4.436385092999444,18,kodim18.png,25,0.1,10,final,True,"(256, 256)",2.0
Noisy,14.294762423677373,0.18161097543778842,0.0,19,kodim19.png,25,0.1,10,final,True,"(256, 256)",2.0
AMF,21.702994106936355,0.3945519068266947,0.1837613119996604,19,kodim19.png,25,0.1,10,final,True,"(256, 256)",2.0
NLM,17.334174969917733,0.2947738295306671,0.2848999959996945,19,kodim19.png,25,0.1,10,final,True,"(256, 256)",2.0
BM3D,17.330088065139588,0.26819001612351506,5.657217637999565,19,kodim19.png,25,0.1,10,final,True,"(256, 256)",2.0
Proposed,21.629671100782886,0.4227347165983096,4.605730067000877,19,kodim19.png,25,0.1,10,final,True,"(256, 256)",2.0
Noisy,13.395724775395772,0.14254430221627243,0.0,20,kodim20.png,25,0.1,10,final,True,"(256, 256)",2.0
AMF,23.050035919492487,0.42196218544530545,0.16548777999923914,20,kodim20.png,25,0.1,10,final,True,"(256, 256)",2.0
NLM,15.679839128132038,0.24608483924303548,0.2872530590002498,20,kodim20.png,25,0.1,10,final,True,"(256, 256)",2.0
BM3D,15.536001642758386,0.22060741960519514,4.173630508000315,20,kodim20.png,25,0.1,10,final,True,"(256, 256)",2.0
Proposed,23.693073314847748,0.5676356174923889,6.013020538000092,20,kodim20.png,25,0.1,10,final,True,"(256, 256)",2.0
Noisy,14.385489825047014,0.19182700059832103,0.0,21,kodim21.png,25,0.1,10,final,True,"(256, 256)",2.0
AMF,21.677019645845693,0.41193874853817003,0.1756426800002373,21,kodim21.png,25,0.1,10,final,True,"(256, 256)",2.0
NLM,17.423682287640364,0.30442042575011946,0.2821316609997666,21,kodim21.png,25,0.1,10,final,True,"(256, 256)",2.0
BM3D,17.54009131004674,0.27709546301879834,4.495615675999943,21,kodim21.png,25,0.1,10,final,True,"(256, 256)",2.0
Proposed,21.52799767306368,0.43470008741160904,5.8441212689995155,21,kodim21.png,25,0.1,10,final,True,"(256, 256)",2.0
Noisy,14.367963379797962,0.13767104668385052,0.0,22,kodim22.png,25,0.1,10,final,True,"(256, 256)",2.0
AMF,21.985460138780685,0.37281844827666527,0.2271210830003838,22,kodim22.png,25,0.1,10,final,True,"(256, 256)",2.0
NLM,17.839019269973093,0.25115065374470674,0.4228371480003261,22,kodim22.png,25,0.1,10,final,True,"(256, 256)",2.0
BM3D,17.517191595369365,0.21834242099583323,4.2831344719998015,22,kodim22.png,25,0.1,10,final,True,"(256, 256)",2.0
Proposed,21.954788803424847,0.39269362631716126,4.514201164000042,22,kodim22.png,25,0.1,10,final,True,"(256, 256)",2.0
Noisy,14.283173729590244,0.1293540330045059,0.0,23,kodim23.png,25,0.1,10,final,True,"(256, 256)",2.0
AMF,22.137148902564565,0.35507939463476557,0.17805946099997527,23,kodim23.png,25,0.1,10,final,True,"(256, 256)",2.0
NLM,17.65862041623532,0.26405591849535504,0.2982620200000383,23,kodim23.png,25,0.1,10,final,True,"(256, 256)",2.0
BM3D,17.476138389409094,0.22222679784129382,5.546831632999783,23,kodim23.png,25,0.1,10,final,True,"(256, 256)",2.0
Proposed,22.27784901487475,0.3824871989979185,4.4751192559997435,23,kodim23.png,25,0.1,10,final,True,"(256, 256)",2.0
Noisy,14.20899859740571,0.2172001224975622,0.0,24,kodim24.png,25,0.1,10,final,True,"(256, 256)",2.0
AMF,21.7569734701876,0.49577801171893904,0.17811800699928426,24,kodim24.png,25,0.1,10,final,True,"(256, 256)",2.0
NLM,16.76153112733161,0.30960371482668264,0.2655620360001194,24,kodim24.png,25,0.1,10,final,True,"(256, 256)",2.0
BM3D,16.80955503041075,0.3075372593459077,4.22908266200011,24,kodim24.png,25,0.1,10,final,True,"(256, 256)",2.0
Proposed,21.581198196416082,0.517969271491658,5.696805634000157,24,kodim24.png,25,0.1,10,final,True,"(256, 256)",2.0
Noisy,11.991647235858498,0.16493501014328388,0.0,1,kodim01.png,25,0.2,20,final,True,"(256, 256)",2.0
AMF,20.777092132865825,0.5073651296059196,0.18986847500036674,1,kodim01.png,25,0.2,20,final,True,"(256, 256)",2.0
NLM,12.172957340098556,0.16910860284374427,0.18109322800046357,1,kodim01.png,25,0.2,20,final,True,"(256, 256)",2.0
BM3D,12.883575128881686,0.18579196573095097,3.9568125970008623,1,kodim01.png,25,0.2,20,final,True,"(256, 256)",2.0
Proposed,16.000862102905973,0.34634761523177116,5.1052108920002865,1,kodim01.png,25,0.2,20,final,True,"(256, 256)",2.0
Noisy,11.644893335479294,0.04367420901985674,0.0,2,kodim02.png,25,0.2,20,final,True,"(256, 256)",2.0
AMF,21.72220588100668,0.24459875812337098,0.23030154400021274,2,kodim02.png,25,0.2,20,final,True,"(256, 256)",2.0
NLM,12.007098876389604,0.047413878167311616,0.29051302100015164,2,kodim02.png,25,0.2,20,final,True,"(256, 256)",2.0
BM3D,12.545598062531917,0.050846430506173705,4.138195076000557,2,kodim02.png,25,0.2,20,final,True,"(256, 256)",2.0
Proposed,20.07076776317129,0.22404309506388193,4.643707978999373,2,kodim02.png,25,0.2,20,final,True,"(256, 256)",2.0
Noisy,11.95857540282831,0.07772683673184318,0.0,3,kodim03.png,25,0.2,20,final,True,"(256, 256)",2.0
AMF,21.576876887793574,0.31480913910042563,0.17756398500023352,3,kodim03.png,25,0.2,20,final,True,"(256, 256)",2.0
NLM,12.280530282326385,0.08242843635043619,0.19755510899994988,3,kodim03.png,25,0.2,20,final,True,"(256, 256)",2.0
BM3D,12.928069572944032,0.0908855739570631,5.389272648999395,3,kodim03.png,25,0.2,20,final,True,"(256, 256)",2.0
Proposed,17.67716587386686,0.24879818422816777,4.489306948999911,3,kodim03.png,25,0.2,20,final,True,"(256, 256)",2.0
Noisy,11.891053572054172,0.08082518658418841,0.0,4,kodim04.png,25,0.2,20,final,True,"(256, 256)",2.0
AMF,21.611159759069682,0.34535531879856274,0.1764326920001622,4,kodim04.png,25,0.2,20,final,True,"(256, 256)",2.0
NLM,12.214886995080105,0.08614689244995472,0.18905406599969865,4,kodim04.png,25,0.2,20,final,True,"(256, 256)",2.0
BM3D,12.845751634046696,0.09470277236779706,4.037872036000408,4,kodim04.png,25,0.2,20,final,True,"(256, 256)",2.0
Proposed,18.08185456815192,0.28459588098265626,6.032292201000018,4,kodim04.png,25,0.2,20,final,True,"(256, 256)",2.0
Noisy,11.51453754148049,0.22036384782636864,0.0,5,kodim05.png,25,0.2,20,final,True,"(256, 256)",2.0
AMF,20.78520048728004,0.6135539721154124,0.17771193699991272,5,kodim05.png,25,0.2,20,final,True,"(256, 256)",2.0
NLM,11.634955231781314,0.22235927379711898,0.18064725099975476,5,kodim05.png,25,0.2,20,final,True,"(256, 256)",2.0
BM3D,12.218954466280575,0.2387616362698117,3.7370182419999765,5,kodim05.png,25,0.2,20,final,True,"(256, 256)",2.0
Proposed,17.334162442249777,0.5068973602725068,4.267693955999675,5,kodim05.png,25,0.2,20,final,True,"(256, 256)",2.0
Noisy,11.68650071288553,0.1028405099502789,0.0,6,kodim06.png,25,0.2,20,final,True,"(256, 256)",2.0
AMF,21.36647914693326,0.37804302338337603,0.22898045600049954,6,kodim06.png,25,0.2,20,final,True,"(256, 256)",2.0
NLM,11.954169508208148,0.10648110226027677,0.28410432700002275,6,kodim06.png,25,0.2,20,final,True,"(256, 256)",2.0
BM3D,12.551711141097435,0.11590175805757492,5.046223198000007,6,kodim06.png,25,0.2,20,final,True,"(256, 256)",2.0
Proposed,17.705563430590907,0.31711460978940376,4.5441524739999295,6,kodim06.png,25,0.2,20,final,True,"(256, 256)",2.0
Noisy,12.045840942488832,0.12836323138501812,0.0,7,kodim07.png,25,0.2,20,final,True,"(256, 256)",2.0
AMF,21.263560938570514,0.4527086988385264,0.17869084300036775,7,kodim07.png,25,0.2,20,final,True,"(256, 256)",2.0
NLM,12.273524366441023,0.1328903631546395,0.20057837599961204,7,kodim07.png,25,0.2,20,final,True,"(256, 256)",2.0
BM3D,12.988580639784349,0.14662604853011163,4.94853123699977,7,kodim07.png,25,0.2,20,final,True,"(256, 256)",2.0
Proposed,16.61512688613807,0.32463920349663705,4.785398689000431,7,kodim07.png,25,0.2,20,final,True,"(256, 256)",2.0
Noisy,11.687640797794128,0.2763827030713472,0.0,8,kodim08.png,25,0.2,20,final,True,"(256, 256)",2.0
AMF,20.140778174504057,0.623213549788789,0.1806102139998984,8,kodim08.png,25,0.2,20,final,True,"(256, 256)",2.0
NLM,11.805140297605398,0.2795512706350487,0.18007240800034197,8,kodim08.png,25,0.2,20,final,True,"(256, 256)",2.0
BM3D,12.448792491256812,0.3011146828005043,3.8231678499996633,8,kodim08.png,25,0.2,20,final,True,"(256, 256)",2.0
Proposed,15.923356067103045,0.4977911402068588,5.21524337000028,8,kodim08.png,25,0.2,20,final,True,"(256, 256)",2.0
Noisy,12.07609453189705,0.09770893961600825,0.0,9,kodim09.png,25,0.2,20,final,True,"(256, 256)",2.0
AMF,21.3625416264672,0.3336249227094242,0.23062512900014553,9,kodim09.png,25,0.2,20,final,True,"(256, 256)",2.0
NLM,12.383631921961891,0.10181888088877737,0.2840371560005224,9,kodim09.png,25,0.2,20,final,True,"(256, 256)",2.0
BM3D,13.079069583749476,0.11151479213079242,4.070881808000195,9,kodim09.png,25,0.2,20,final,True,"(256, 256)",2.0
Proposed,16.611884308648044,0.2299940593952724,4.533230414999707,9,kodim09.png,25,0.2,20,final,True,"(256, 256)",2.0
Noisy,12.125377664060121,0.09311627592969036,0.0,10,kodim10.png,25,0.2,20,final,True,"(256, 256)",2.0
AMF,21.451004670396078,0.3598624551945423,0.1780244510000557,10,kodim10.png,25,0.2,20,final,True,"(256, 256)",2.0
NLM,12.450083530236517,0.0976397702046181,0.19882103899999493,10,kodim10.png,25,0.2,20,final,True,"(256, 256)",2.0
BM3D,13.130945532345075,0.10728648051749667,5.382405192000078,10,kodim10.png,25,0.2,20,final,True,"(256, 256)",2.0
Proposed,16.932312897137507,0.2491068383263837,4.5347431270001834,10,kodim10.png,25,0.2,20,final,True,"(256, 256)",2.0
Noisy,11.800802428187309,0.10720601206003771,0.0,11,kodim11.png,25,0.2,20,final,True,"(256, 256)",2.0
AMF,21.451590296134412,0.3957593949159443,0.17748939400007657,11,kodim11.png,25,0.2,20,final,True,"(256, 256)",2.0
NLM,12.040265703444494,0.11071945186285119,0.19028198100022564,11,kodim11.png,25,0.2,20,final,True,"(256, 256)",2.0
BM3D,12.698389478530938,0.12133039907900023,3.922146302999863,11,kodim11.png,25,0.2,20,final,True,"(256, 256)",2.0
Proposed,17.127496479628327,0.32353639079425783,5.790058226999463,11,kodim11.png,25,0.2,20,final,True,"(256, 256)",2.0
Noisy,11.657052679527027,0.07055591921074943,0.0,12,kodim12.png,25,0.2,20,final,True,"(256, 256)",2.0
AMF,21.562684731184238,0.2889085664071761,0.18372588500005804,12,kodim12.png,25,0.2,20,final,True,"(256, 256)",2.0
NLM,11.963701902869051,0.07414512829933123,0.18759880299967335,12,kodim12.png,25,0.2,20,final,True,"(256, 256)",2.0
BM3D,12.531019359456366,0.08042795103337029,3.9488315839998904,12,kodim12.png,25,0.2,20,final,True,"(256, 256)",2.0
Proposed,18.55990722864587,0.25650421441910015,4.953363771999648,12,kodim12.png,25,0.2,20,final,True,"(256, 256)",2.0
Noisy,11.787559329993533,0.1706874081107711,0.0,13,kodim13.png,25,0.2,20,final,True,"(256, 256)",2.0
AMF,20.700773226372785,0.5228011377399899,0.22851369799991517,13,kodim13.png,25,0.2,20,final,True,"(256, 256)",2.0
NLM,11.943986113129723,0.17307932289408448,0.28189629900043656,13,kodim13.png,25,0.2,20,final,True,"(256, 256)",2.0
BM3D,12.585842011723113,0.18721450487667476,4.804126005999933,13,kodim13.png,25,0.2,20,final,True,"(256, 256)",2.0
Proposed,16.405488261962937,0.3772588765992658,4.426334177999706,13,kodim13.png,25,0.2,20,final,True,"(256, 256)",2.0
Noisy,11.639229919334543,0.13719310233596288,0.0,14,kodim14.png,25,0.2,20,final,True,"(256, 256)",2.0
AMF,21.297909443041686,0.4820328211878054,0.18519481900057144,14,kodim14.png,25,0.2,20,final,True,"(256, 256)",2.0
NLM,11.82206341382134,0.14011478858336343,0.18328847299926565,14,kodim14.png,25,0.2,20,final,True,"(256, 256)",2.0
BM3D,12.449016624245527,0.15366274810300706,5.052309566000076,14,kodim14.png,25,0.2,20,final,True,"(256, 256)",2.0
Proposed,17.406102973712567,0.3799271215021438,4.422552039999573,14,kodim14.png,25,0.2,20,final,True,"(256, 256)",2.0
Noisy,10.938534543171642,0.09017730294297624,0.0,15,kodim15.png,25,0.2,20,final,True,"(256, 256)",2.0
AMF,22.02460006124936,0.36425566874589493,0.1784848810002586,15,kodim15.png,25,0.2,20,final,True,"(256, 256)",2.0
NLM,11.18686222946703,0.0937752262038468,0.18689309299952583,15,kodim15.png,25,0.2,20,final,True,"(256, 256)",2.0
BM3D,11.648045038300802,0.1002276803549025,3.8471806860006836,15,kodim15.png,25,0.2,20,final,True,"(256, 256)",2.0
Proposed,20.87647702631117,0.4439094679874007,5.852133259000766,15,kodim15.png,25,0.2,20,final,True,"(256, 256)",2.0
Noisy,11.90701981632278,0.0628572641473014,0.0,16,kodim16.png,25,0.2,20,final,True,"(256, 256)",2.0
AMF,21.644732930358806,0.30940391179850274,0.17900288200053183,16,kodim16.png,25,0.2,20,final,True,"(256, 256)",2.0
NLM,12.257483931017019,0.06726433256459624,0.18918406699958723,16,kodim16.png,25,0.2,20,final,True,"(256, 256)",2.0
BM3D,12.88747061586614,0.07364993427486685,4.018297695000001,16,kodim16.png,25,0.2,20,final,True,"(256, 256)",2.0
Proposed,17.737514966631856,0.23677655225944175,4.455148087999987,16,kodim16.png,25,0.2,20,final,True,"(256, 256)",2.0
Noisy,11.468007611020987,0.10462211985825305,0.0,17,kodim17.png,25,0.2,20,final,True,"(256, 256)",2.0
AMF,21.749876405752502,0.42978611139403355,0.1840945970006942,17,kodim17.png,25,0.2,20,final,True,"(256, 256)",2.0
NLM,11.716228205333532,0.10971164582444642,0.18849168999986432,17,kodim17.png,25,0.2,20,final,True,"(256, 256)",2.0
BM3D,12.287167491149626,0.12034640722718028,5.359486618000119,17,kodim17.png,25,0.2,20,final,True,"(256, 256)",2.0
Proposed,18.35031260913082,0.40058501957706666,4.412710524000431,17,kodim17.png,25,0.2,20,final,True,"(256, 256)",2.0
Noisy,11.484557547591967,0.11551365526358463,0.0,18,kodim18.png,25,0.2,20,final,True,"(256, 256)",2.0
AMF,21.352901771404504,0.442541153549165,0.17817977400045493,18,kodim18.png,25,0.2,20,final,True,"(256, 256)",2.0
NLM,11.71106198167346,0.1186776050233559,0.18430043300031684,18,kodim18.png,25,0.2,20,final,True,"(256, 256)",2.0
BM3D,12.259538175818204,0.1278983055348547,3.924864119000631,18,kodim18.png,25,0.2,20,final,True,"(256, 256)",2.0
Proposed,18.777843004225304,0.3909006092514388,5.920821003000128,18,kodim18.png,25,0.2,20,final,True,"(256, 256)",2.0
Noisy,11.951517230326694,0.12037072776189722,0.0,19,kodim19.png,25,0.2,20,final,True,"(256, 256)",2.0
AMF,21.10035148123108,0.37297932433632996,0.1777333070003806,19,kodim19.png,25,0.2,20,final,True,"(256, 256)",2.0
NLM,12.242902902174443,0.12454288550349324,0.18605377499989117,19,kodim19.png,25,0.2,20,final,True,"(256, 256)",2.0
BM3D,12.905431123081852,0.1356359940626242,3.99489600600009,19,kodim19.png,25,0.2,20,final,True,"(256, 256)",2.0
Proposed,17.037507498183423,0.28674567102464554,5.75521297799969,19,kodim19.png,25,0.2,20,final,True,"(256, 256)",2.0
Noisy,10.63506357597653,0.08752852729825555,0.0,20,kodim20.png,25,0.2,20,final,True,"(256, 256)",2.0
AMF,22.399773520765972,0.3985030767680141,0.21377902400035964,20,kodim20.png,25,0.2,20,final,True,"(256, 256)",2.0
NLM,10.8965639459074,0.0915884664664416,0.2904838770000424,20,kodim20.png,25,0.2,20,final,True,"(256, 256)",2.0
BM3D,11.266391437038767,0.0969380433507295,3.8694502460002695,20,kodim20.png,25,0.2,20,final,True,"(256, 256)",2.0
Proposed,20.429818558507783,0.5297425227165216,4.589714953000112,20,kodim20.png,25,0.2,20,final,True,"(256, 256)",2.0
Noisy,11.964615071037601,0.12246534620083584,0.0,21,kodim21.png,25,0.2,20,final,True,"(256, 256)",2.0
AMF,21.194641994377207,0.394659098711116,0.17633617100000265,21,kodim21.png,25,0.2,20,final,True,"(256, 256)",2.0
NLM,12.223936903296671,0.12593968052256493,0.18268874200020946,21,kodim21.png,25,0.2,20,final,True,"(256, 256)",2.0
BM3D,12.893308059658438,0.13698615854096222,5.362350973000503,21,kodim21.png,25,0.2,20,final,True,"(256, 256)",2.0
Proposed,16.405759364114232,0.28123075269191655,4.516246623999905,21,kodim21.png,25,0.2,20,final,True,"(256, 256)",2.0
Noisy,12.008734074900945,0.0809292833219024,0.0,22,kodim22.png,25,0.2,20,final,True,"(256, 256)",2.0
AMF,21.45673130283797,0.35294590191616654,0.1757320830001845,22,kodim22.png,25,0.2,20,final,True,"(256, 256)",2.0
NLM,12.322045550262429,0.08495642332322938,0.19974720699974569,22,kodim22.png,25,0.2,20,final,True,"(256, 256)",2.0
BM3D,12.984670627236895,0.09375234134228684,3.9591586679998727,22,kodim22.png,25,0.2,20,final,True,"(256, 256)",2.0
Proposed,17.22108190710762,0.23810420265778706,5.908843023000372,22,kodim22.png,25,0.2,20,final,True,"(256, 256)",2.0
Noisy,11.892923211492299,0.07865383613924361,0.0,23,kodim23.png,25,0.2,20,final,True,"(256, 256)",2.0
AMF,21.639505438184013,0.3340370921885115,0.17882323599951633,23,kodim23.png,25,0.2,20,final,True,"(256, 256)",2.0
NLM,12.225858540987469,0.08427651658253599,0.19073232099981396,23,kodim23.png,25,0.2,20,final,True,"(256, 256)",2.0
BM3D,12.86357495723623,0.09203530951666349,3.9061661269997785,23,kodim23.png,25,0.2,20,final,True,"(256, 256)",2.0
Proposed,18.01442602902567,0.26411973885099477,4.54478582199954,23,kodim23.png,25,0.2,20,final,True,"(256, 256)",2.0
Noisy,11.7117620838625,0.12900187176317188,0.0,24,kodim24.png,25,0.2,20,final,True,"(256, 256)",2.0
AMF,21.22715936557197,0.4727289704207951,0.24341833000016777,24,kodim24.png,25,0.2,20,final,True,"(256, 256)",2.0
NLM,11.917203498884849,0.13249838628734156,0.2782632919997923,24,kodim24.png,25,0.2,20,final,True,"(256, 256)",2.0
BM3D,12.539406789333118,0.1446652082090482,4.891316149999511,24,kodim24.png,25,0.2,20,final,True,"(256, 256)",2.0
Proposed,17.29579713994758,0.3608799514731683,4.320135361000212,24,kodim24.png,25,0.2,20,final,True,"(256, 256)",2.0
